Date,SPY,TSLA,F,GM
2021-07-06,432.929993,$659.58,$14.5,$57.46
2021-07-02,433.720001,$678.9,$14.93,$58.96
2021-07-01,430.429993,$677.92,$14.91,$59.11
2021-06-30,428.059998,$679.7,$14.86,$59.17
2021-06-29,427.700012,$680.76,$15.01,$58.83
2021-06-28,427.470001,$688.72,$14.96,$58.64
2021-06-25,426.609985,$671.87,$15.19,$60.3
2021-06-24,425.100006,$679.82,$15.26,$60.04
2021-06-23,422.600006,$656.57,$15.42,$60.12
2021-06-22,423.109985,$623.71,$14.91,$59.24
2021-06-21,420.859985,$620.83,$14.78,$59.3
2021-06-18,414.920013,$623.31,$14.52,$58.76
2021-06-17,421.970001,$616.6,$14.77,$60.08
2021-06-16,422.109985,$604.87,$15.02,$61.76
2021-06-15,424.480011,$599.36,$15,$60.81
2021-06-14,425.26001,$617.69,$14.87,$60.79
2021-06-11,424.309998,$609.89,$15.28,$61.49
2021-06-10,423.609985,$610.12,$15.11,$61.34
2021-06-09,421.649994,$598.78,$15.48,$62.77
2021-06-08,422.279999,$603.59,$15.63,$63.92
2021-06-07,422.190002,$605.13,$15.88,$63.23
2021-06-04,422.600006,$599.05,$15.97,$63.37
2021-06-03,418.769989,$572.84,$15.99,$63.46
2021-06-02,420.329987,$605.12,$14.91,$59.65
2021-06-01,419.670013,$623.9,$14.81,$59.65
2021-05-28,420.040009,$625.22,$14.53,$59.31
2021-05-27,419.290009,$630.85,$14.88,$59.77
2021-05-26,419.070007,$619.13,$13.9,$58.08
2021-05-25,418.23999,$604.69,$12.81,$56.76
2021-05-24,419.170013,$606.44,$13.06,$56.6
2021-05-21,414.940002,$580.88,$13.33,$56.72
2021-05-20,415.279999,$586.78,$12.49,$55.51
2021-05-19,410.859985,$563.46,$12.11,$55.53
2021-05-18,411.940002,$577.87,$12.14,$55.89
2021-05-17,415.519989,$576.83,$12.15,$56.04
2021-05-14,416.579987,$589.74,$11.84,$56
2021-05-13,410.279999,$571.69,$11.55,$54.6
2021-05-12,405.410004,$589.89,$11.33,$53.76
2021-05-11,414.209991,$617.2,$11.58,$55.73
2021-05-10,417.940002,$629.04,$11.71,$57.41
2021-05-07,422.119995,$672.37,$11.82,$58.99
2021-05-06,419.070007,$663.54,$11.74,$58.72
2021-05-05,415.75,$670.94,$11.61,$57.58
2021-05-04,415.619995,$673.6,$11.41,$55.34
2021-05-03,418.200012,$684.9,$11.63,$57.15
2021-04-30,417.299988,$709.44,$11.54,$57.22
2021-04-29,420.059998,$677,$11.26,$56.57
2021-04-28,417.399994,$694.4,$12.43,$58.55
2021-04-27,417.519989,$704.74,$12.49,$58.97
2021-04-26,417.609985,$738.2,$12.27,$58.21
2021-04-23,416.73999,$729.4,$12.22,$57.53
2021-04-22,412.269989,$719.69,$11.94,$56.66
2021-04-21,416.070007,$744.12,$11.73,$57.49
2021-04-20,412.170013,$718.99,$11.45,$55.77
2021-04-19,415.209991,$714.63,$12.11,$57.88
2021-04-16,417.26001,$739.78,$12.23,$58.71
2021-04-15,415.869995,$738.85,$12.24,$58.61
2021-04-14,411.450012,$732.23,$12.24,$58.48
2021-04-13,412.859985,$762.32,$12.2,$58.49
2021-04-12,411.640015,$701.98,$12.38,$59.66
2021-04-09,411.48999,$677.02,$12.51,$60.16
2021-04-08,408.519989,$683.8,$12.51,$60.09
2021-04-07,406.589996,$670.97,$12.73,$60.83
2021-04-06,406.119995,$691.62,$12.92,$61.94
2021-04-05,406.359985,$691.05,$12.7,$61.04
2021-04-01,400.609985,$661.75,$12.17,$57.8
2021-03-31,396.329987,$667.93,$12.25,$57.46
2021-03-30,394.730011,$635.62,$12.46,$58.51
2021-03-29,395.779999,$611.29,$12.15,$55.94
2021-03-26,395.980011,$618.71,$12.3,$56.52
2021-03-25,389.700012,$640.39,$12.32,$56.6
2021-03-24,387.519989,$630.27,$12.14,$55.81
2021-03-23,389.5,$662.16,$12.21,$56.16
2021-03-22,392.589996,$670,$12.85,$58.1
2021-03-19,389.480011,$654.87,$12.83,$59.82
2021-03-18,391.480011,$653.16,$12.49,$59.27
2021-03-17,397.26001,$701.81,$12.69,$60.05
2021-03-16,395.910004,$676.88,$12.49,$57.12
2021-03-15,396.410004,$707.94,$13.2,$57.94
2021-03-12,394.059998,$693.73,$13.37,$59.26
2021-03-11,393.529999,$699.6,$12.81,$56.33
2021-03-10,389.579987,$668.06,$12.91,$56.83
2021-03-09,387.170013,$673.58,$12.57,$54.65
2021-03-08,381.720001,$563,$12.65,$54.98
2021-03-05,383.630005,$597.95,$12.27,$53.75
2021-03-04,376.700012,$621.44,$11.93,$51.83
2021-03-03,381.420013,$653.2,$12.17,$52.67
2021-03-02,386.540009,$686.44,$12.55,$54.11
2021-03-01,389.579987,$718.43,$11.98,$52.54
2021-02-26,380.359985,$675.5,$11.7,$51.33
2021-02-25,382.329987,$682.22,$11.76,$50.6
2021-02-24,391.769989,$742.02,$12.27,$52.9
2021-02-23,387.5,$698.84,$11.62,$51.11
2021-02-22,387.029999,$714.5,$11.7,$51.98
2021-02-19,390.029999,$781.3,$11.58,$52.57
2021-02-18,390.720001,$787.38,$11.43,$52.16
2021-02-17,392.390015,$798.15,$11.48,$52.89
2021-02-16,392.299988,$796.22,$11.54,$53.46
2021-02-12,392.640015,$816.12,$11.45,$53.6
2021-02-11,390.709991,$811.66,$11.45,$60.3
2021-02-10,390.079987,$804.82,$11.76,$54.88
2021-02-09,390.25,$849.46,$11.93,$56.06
2021-02-08,390.51001,$863.42,$11.56,$56.88
2021-02-05,387.709991,$852.23,$11.51,$54.41
2021-02-04,386.190002,$849.99,$11.37,$54.13
2021-02-03,381.850006,$854.69,$11.2,$54.25
2021-02-02,381.549988,$872.79,$10.86,$52.72
2021-02-01,376.230011,$839.81,$10.83,$51.51
2021-01-29,370.070007,$793.53,$10.53,$50.68
2021-01-28,377.630005,$835.43,$10.72,$51.04
2021-01-27,374.410004,$864.16,$10.79,$49.34
2021-01-26,383.790009,$883.09,$11.19,$52.04
2021-01-25,384.390015,$880.8,$11.29,$53.39
2021-01-22,382.880005,$846.64,$11.52,$55.4
2021-01-21,384.23999,$844.99,$11.53,$55.08
2021-01-20,383.890015,$850.45,$10.86,$53.39
2021-01-19,378.649994,$844.55,$10.02,$54.84
2021-01-15,375.700012,$826.16,$9.83,$49.97
2021-01-14,378.459991,$845,$10.17,$51.53
2021-01-13,379.790009,$854.41,$9.78,$48.73
2021-01-12,378.769989,$849.44,$9.78,$47.82
2021-01-11,378.690002,$811.19,$9.3,$45.01
2021-01-08,381.26001,$880.02,$9,$43.06
2021-01-07,379.100006,$816.04,$9.06,$43.32
2021-01-06,373.549988,$755.98,$8.84,$42.98
2021-01-05,371.329987,$735.11,$8.65,$41.66
2021-01-04,368.790009,$729.77,$8.52,$40.51
2020-12-31,373.880005,$705.67,$8.79,$41.64
2020-12-30,371.98999,$694.78,$8.86,$41.84
2020-12-29,371.459991,$665.99,$8.82,$41.57
2020-12-28,372.170013,$663.69,$8.89,$41.66
2020-12-24,369,$661.77,$8.86,$41.58
2020-12-23,367.570007,$645.98,$8.99,$42.45
2020-12-22,367.23999,$640.34,$8.79,$40.9
2020-12-21,367.859985,$649.86,$8.93,$41.21
2020-12-18,369.179993,$695,$8.95,$41.01
2020-12-17,372.23999,$655.9,$9.08,$42.03
2020-12-16,370.170013,$622.77,$9.04,$41.42
2020-12-15,369.589996,$633.25,$9.15,$41.66
2020-12-14,364.660004,$639.83,$8.91,$41.62
2020-12-11,366.299988,$609.99,$9.02,$41.92
2020-12-10,366.730011,$627.07,$9.12,$42.87
2020-12-09,366.850006,$604.48,$9.45,$44.43
2020-12-08,370.170013,$649.88,$9.25,$43.8
2020-12-07,369.089996,$641.76,$9.22,$44.31
2020-12-04,369.850006,$599.04,$9.34,$44.4
2020-12-03,366.690002,$593.38,$9.21,$44.09
2020-12-02,366.790009,$568.82,$9.2,$44.58
2020-12-01,366.019989,$584.76,$9.24,$44.68
2020-11-30,362.059998,$567.6,$9.08,$43.84
2020-11-27,363.670013,$585.76,$9.09,$45.06
2020-11-25,362.660004,$574,$9.08,$45.46
2020-11-24,363.220001,$555.38,$9.45,$46.46
2020-11-23,357.459991,$521.85,$8.86,$44.77
2020-11-20,355.329987,$489.61,$8.74,$43.04
2020-11-19,357.779999,$499.27,$8.82,$42.82
2020-11-18,356.279999,$486.64,$8.82,$42.72
2020-11-17,360.619995,$441.61,$8.75,$41.98
2020-11-16,362.570007,$408.09,$8.8,$42.13
2020-11-13,358.100006,$408.5,$8.54,$41.19
2020-11-12,353.209991,$411.76,$8.21,$39.32
2020-11-11,356.670013,$417.13,$8.33,$40.56
2020-11-10,354.040009,$410.36,$8.38,$41.08
2020-11-09,354.559998,$421.26,$8.2,$38.96
2020-11-06,350.160004,$429.95,$7.79,$37.47
2020-11-05,350.23999,$438.09,$7.99,$37.14
2020-11-04,343.540009,$420.98,$7.64,$35.24
2020-11-03,336.029999,$423.9,$7.88,$35.35
2020-11-02,330.200012,$400.51,$7.71,$34.55
2020-10-30,326.540009,$388.04,$7.73,$34.53
2020-10-29,329.980011,$410.83,$7.9,$34.89
2020-10-28,326.660004,$406.02,$7.7,$34.09
2020-10-27,338.220001,$424.68,$7.92,$34.89
2020-10-26,339.390015,$420.28,$8.03,$35.82
2020-10-23,345.779999,$420.63,$8.16,$36.83
2020-10-22,344.609985,$425.79,$8.21,$37.41
2020-10-21,342.730011,$422.64,$7.85,$35.77
2020-10-20,343.380005,$421.94,$7.74,$35.6
2020-10-19,342.01001,$430.83,$7.59,$33.35
2020-10-16,347.290009,$439.67,$7.67,$33.45
2020-10-15,347.5,$448.88,$7.62,$32.59
2020-10-14,347.929993,$461.3,$7.57,$31.67
2020-10-13,350.130005,$446.65,$7.76,$31.87
2020-10-12,352.429993,$442.3,$7.67,$32.21
2020-10-09,346.850006,$434,$7.25,$32.16
2020-10-08,343.779999,$425.92,$7.35,$32.21
2020-10-07,340.76001,$425.3,$7.23,$31.62
2020-10-06,334.929993,$413.98,$6.98,$30.4
2020-10-05,339.76001,$425.68,$7.02,$30.96
2020-10-02,333.839996,$415.09,$6.89,$30.46
2020-10-01,337.040009,$448.16,$6.75,$30.38
2020-09-30,334.890015,$429.01,$6.66,$29.59
2020-09-29,332.369995,$419.07,$6.6,$28.74
2020-09-28,334.190002,$421.2,$6.69,$29.44
2020-09-25,328.730011,$407.34,$6.51,$29
2020-09-24,323.5,$387.79,$6.66,$29.11
2020-09-23,322.640015,$380.36,$6.64,$29.34
2020-09-22,330.299988,$424.23,$6.78,$29.44
2020-09-21,326.970001,$449.39,$6.87,$30
2020-09-18,330.649994,$442.15,$7.23,$31.5
2020-09-17,335.839996,$423.43,$7.28,$31.92
2020-09-16,338.820007,$441.76,$7.02,$31.79
2020-09-15,340.170013,$449.76,$7.04,$31.58
2020-09-14,338.459991,$419.62,$7.12,$31.18
2020-09-11,334.059998,$372.72,$7,$30.46
2020-09-10,333.890015,$371.34,$6.91,$30.17
2020-09-09,339.790009,$366.28,$6.97,$31.95
2020-09-08,333.209991,$330.21,$7.03,$32.38
2020-09-04,342.570007,$418.32,$6.9,$30
2020-09-03,345.390015,$407,$6.82,$29.48
2020-09-02,357.700012,$447.37,$6.95,$30.96
2020-09-01,352.600006,$475.05,$6.83,$29.79
2020-08-31,349.309998,$498.32,$6.82,$29.63
2020-08-28,350.579987,$442.68,$6.94,$30.02
2020-08-27,348.329987,$447.75,$6.91,$29.69
2020-08-26,347.570007,$430.634,$6.82,$29.48
2020-08-25,344.119995,$404.668,$6.94,$29.69
2020-08-24,342.920013,$402.84,$6.98,$30.31
2020-08-21,339.480011,$409.996,$6.66,$28.56
2020-08-20,338.279999,$400.366,$6.84,$28.83
2020-08-19,337.230011,$375.706,$6.87,$29.22
2020-08-18,338.640015,$377.418,$6.89,$29.84
2020-08-17,337.910004,$367.128,$6.98,$30.01
2020-08-14,336.839996,$330.142,$7.04,$27.86
2020-08-13,336.829987,$324.2,$7.03,$27.55
2020-08-12,337.440002,$310.952,$7.11,$28.03
2020-08-11,332.799988,$274.878,$7.23,$28.52
2020-08-10,335.570007,$283.714,$7.09,$27.98
2020-08-07,334.570007,$290.542,$6.86,$26.72
2020-08-06,334.329987,$297.916,$6.93,$26.62
2020-08-05,332.109985,$297.004,$6.96,$26.33
2020-08-04,330.059998,$297.4,$6.86,$25.8
2020-08-03,328.790009,$297,$6.69,$25.64
2020-07-31,326.519989,$286.152,$6.61,$24.89
2020-07-30,323.959991,$297.498,$6.74,$25.2
2020-07-29,325.119995,$299.822,$6.92,$25.89
2020-07-28,321.170013,$295.298,$7.01,$26.33
2020-07-27,323.220001,$307.92,$6.93,$25.7
2020-07-24,320.880005,$283.4,$6.88,$26.25
2020-07-23,322.959991,$302.614,$6.98,$26.76
2020-07-22,326.859985,$318.466,$6.84,$26.3
2020-07-21,325.01001,$313.672,$6.68,$26.15
2020-07-20,324.320007,$328.6,$6.66,$26.01
2020-07-17,321.720001,$300.168,$6.8,$26.45
2020-07-16,320.790009,$300.128,$6.86,$26.85
2020-07-15,321.850006,$309.202,$6.74,$26.88
2020-07-14,318.920013,$303.36,$6.36,$25.64
2020-07-13,314.839996,$299.412,$6.06,$24.86
2020-07-10,317.589996,$308.93,$6.1,$24.39
2020-07-09,314.380005,$278.856,$5.84,$23.42
2020-07-08,316.179993,$273.176,$6.09,$24.94
2020-07-07,313.779999,$277.972,$6.12,$25.13
2020-07-06,317.049988,$274.316,$6.19,$25.73
2020-07-02,312.230011,$241.732,$6.05,$25.24
2020-07-01,310.519989,$223.926,$5.98,$24.96
2020-06-30,308.359985,$215.962,$6.08,$25.3
2020-06-29,304.459991,$201.87,$6.01,$25.3
2020-06-26,300.049988,$191.948,$5.91,$24.46
2020-06-25,307.350006,$197.196,$6.03,$25.23
2020-06-24,304.089996,$192.17,$5.95,$25.28
2020-06-23,312.049988,$200.356,$6.15,$26.25
2020-06-22,310.619995,$198.864,$6.28,$26.37
2020-06-19,308.640015,$200.18,$6.23,$26.59
2020-06-18,311.779999,$200.792,$6.33,$27.09
2020-06-17,311.660004,$198.358,$6.33,$27.16
2020-06-16,312.959991,$196.426,$6.55,$27.78
2020-06-15,307.049988,$198.18,$6.5,$27.77
2020-06-12,304.209991,$187.056,$6.46,$27.96
2020-06-11,300.609985,$194.568,$6.13,$26.5
2020-06-10,319,$205.01,$6.81,$28.75
2020-06-09,320.790009,$188.134,$7.24,$29.86
2020-06-08,323.200012,$189.984,$7.53,$30.68
2020-06-05,319.339996,$177.132,$7.34,$30.61
2020-06-04,311.359985,$172.876,$6.57,$29.16
2020-06-03,312.179993,$176.592,$6.19,$29.07
2020-06-02,308.079987,$176.312,$5.9,$27.41
2020-06-01,305.549988,$179.62,$5.87,$26.94
2020-05-29,304.320007,$167,$5.71,$25.88
2020-05-28,302.970001,$161.162,$5.85,$26.68
2020-05-27,303.529999,$164.046,$6.03,$27.79
2020-05-26,299.079987,$163.774,$5.84,$27.4
2020-05-22,295.440002,$163.376,$5.65,$25.98
2020-05-21,294.880005,$165.52,$5.63,$25.8
2020-05-20,296.929993,$163.112,$5.49,$25.48
2020-05-19,291.970001,$161.602,$5.3,$24.69
2020-05-18,295,$162.726,$5.31,$24.81
2020-05-15,286.279999,$159.834,$4.9,$22.63
2020-05-14,284.970001,$160.666,$4.89,$22.31
2020-05-13,281.600006,$158.192,$4.72,$21.46
2020-05-12,286.670013,$161.882,$4.98,$22.56
2020-05-11,292.5,$162.258,$5.12,$22.8
2020-05-08,292.440002,$163.884,$5.24,$23.93
2020-05-07,287.679993,$156.008,$4.87,$22.44
2020-05-06,284.25,$156.516,$4.87,$21.89
2020-05-05,286.190002,$153.642,$4.97,$21.26
2020-05-04,283.570007,$152.238,$4.86,$20.75
2020-05-01,282.790009,$140.264,$4.92,$20.9
2020-04-30,290.480011,$156.376,$5.09,$22.29
2020-04-29,293.209991,$160.102,$5.26,$23.78
2020-04-28,285.730011,$153.824,$5.38,$22.18
2020-04-27,287.049988,$159.75,$5.17,$22.45
2020-04-24,282.970001,$145.03,$4.87,$21.95
2020-04-23,279.079987,$141.126,$4.89,$21.52
2020-04-22,279.100006,$146.422,$4.77,$21.3
2020-04-21,273.040009,$137.344,$4.77,$21.24
2020-04-20,281.589996,$149.272,$4.98,$22.38
2020-04-17,286.640015,$150.778,$5.12,$22.48
2020-04-16,279.100006,$149.042,$4.94,$20.87
2020-04-15,277.76001,$145.966,$5.03,$21.66
2020-04-14,283.790009,$141.978,$5.29,$22.98
2020-04-13,275.660004,$130.19,$5.16,$23.01
2020-04-09,278.200012,$114.6,$5.37,$24.06
2020-04-08,274.029999,$109.768,$5.03,$23.13
2020-04-07,265.130005,$109.09,$4.71,$21.3
2020-04-06,264.859985,$103.248,$4.53,$19.55
2020-04-03,248.190002,$96.002,$4.24,$18.04
2020-04-02,251.830002,$90.894,$4.36,$18.19
2020-04-01,246.149994,$96.312,$4.4,$19.26
2020-03-31,257.75,$104.8,$4.83,$20.78
2020-03-30,261.649994,$100.426,$5.03,$21.32
2020-03-27,253.419998,$102.872,$5.19,$21.38
2020-03-26,261.200012,$105.632,$5.25,$22.56
2020-03-25,246.789993,$107.85,$5.39,$21.49
2020-03-24,243.149994,$101,$4.95,$21.11
2020-03-23,222.949997,$86.858,$4.01,$17.6
2020-03-20,228.800003,$85.506,$4.33,$18.14
2020-03-19,240.509995,$85.528,$4.47,$17.71
2020-03-18,240,$72.244,$4.5,$16.8
2020-03-17,252.800003,$86.04,$5.01,$20.32
2020-03-16,239.850006,$89.014,$5.01,$21
2020-03-13,269.320007,$109.324,$5.63,$24.71
2020-03-12,248.110001,$112.11,$5.35,$23.04
2020-03-11,274.359985,$126.846,$5.9,$26
2020-03-10,288.420013,$129.066,$6.26,$27.12
2020-03-09,274.230011,$121.6,$5.9,$24.69
2020-03-06,297.459991,$140.696,$6.49,$28.69
2020-03-05,302.459991,$144.908,$6.74,$30.1
2020-03-04,312.859985,$149.9,$7.08,$31.53
2020-03-03,300.23999,$149.102,$6.97,$30.52
2020-03-02,309.089996,$148.724,$7.2,$31.42
2020-02-28,296.26001,$133.598,$6.96,$30.5
2020-02-27,297.51001,$135.8,$6.97,$30.71
2020-02-26,311.5,$155.76,$7.21,$32
2020-02-25,312.649994,$159.982,$7.23,$31.75
2020-02-24,322.420013,$166.758,$7.57,$33.09
2020-02-21,333.480011,$180.2,$7.89,$34.65
2020-02-20,336.950012,$179.882,$8.03,$35.29
2020-02-19,338.339996,$183.484,$8,$34.92
2020-02-18,336.730011,$171.68,$8.06,$34.41
2020-02-14,337.600006,$160.006,$8.1,$34.76
2020-02-13,337.059998,$160.8,$8.25,$35.29
2020-02-12,337.420013,$153.458,$8.24,$35.49
2020-02-11,335.26001,$154.876,$8.1,$35.01
2020-02-10,334.679993,$154.256,$8.06,$34.25
2020-02-07,332.200012,$149.614,$8.11,$33.63
2020-02-06,333.980011,$149.792,$8.25,$34.33
2020-02-05,332.859985,$146.94,$8.31,$35.03
2020-02-04,329.059998,$177.412,$9.18,$34.37
2020-02-03,324.119995,$156,$8.98,$33.72
2020-01-31,321.730011,$130.114,$8.82,$33.39
2020-01-30,327.679993,$128.162,$8.84,$33.33
2020-01-29,326.619995,$116.198,$8.86,$33.6
2020-01-28,326.890015,$113.38,$8.97,$33.64
2020-01-27,323.5,$111.604,$8.89,$33.41
2020-01-24,328.769989,$112.964,$9,$34.31
2020-01-23,331.720001,$114.44,$9.14,$34.88
2020-01-22,331.339996,$113.912,$9.16,$34.91
2020-01-21,331.299988,$109.44,$9.21,$34.99
2020-01-17,331.950012,$102.1,$9.16,$35.6
2020-01-16,330.920013,$102.698,$9.17,$35.55
2020-01-15,328.190002,$103.7,$9.19,$35.15
2020-01-14,327.450012,$107.584,$9.29,$35.15
2020-01-13,327.950012,$104.972,$9.24,$34.98
2020-01-10,325.709991,$95.63,$9.25,$34.65
2020-01-09,326.649994,$96.268,$9.26,$35.08
2020-01-08,324.450012,$98.428,$9.25,$34.65
2020-01-07,322.730011,$93.812,$9.25,$35.15
2020-01-06,323.640015,$90.308,$9.16,$35.84
2020-01-03,322.410004,$88.602,$9.21,$36.32
2020-01-02,324.869995,$86.052,$9.42,$37.38
2019-12-31,321.859985,$83.666,$9.3,$36.6
2019-12-30,321.079987,$82.94,$9.25,$36.44
2019-12-27,322.859985,$86.076,$9.36,$36.56
2019-12-26,322.940002,$86.188,$9.45,$36.48
2019-12-24,321.230011,$85.05,$9.47,$36.58
2019-12-23,321.220001,$83.844,$9.44,$36.77
2019-12-20,320.730011,$81.118,$9.48,$37.25
2019-12-19,320.899994,$80.808,$9.41,$37.26
2019-12-18,319.589996,$78.63,$9.54,$37.31
2019-12-17,319.570007,$75.798,$9.39,$36.31
2019-12-16,319.5,$76.3,$9.39,$36.11
2019-12-13,317.320007,$71.678,$9.23,$35.65
2019-12-12,317.130005,$71.936,$9.32,$36.1
2019-12-11,314.420013,$70.54,$9.11,$35.24
2019-12-10,313.529999,$69.768,$9.07,$35.11
2019-12-09,313.880005,$67.906,$9.01,$35.38
2019-12-06,314.869995,$67.178,$9.02,$35.54
2019-12-05,312.019989,$66.074,$8.93,$35.31
2019-12-04,311.459991,$66.606,$8.95,$35.8
2019-12-03,309.549988,$67.24,$8.89,$35.53
2019-12-02,311.640015,$66.974,$9.01,$35.88
2019-11-29,314.309998,$65.988,$9.06,$36
2019-11-27,315.480011,$66.258,$9.1,$36.14
2019-11-26,314.079987,$65.784,$9.01,$35.91
2019-11-25,313.369995,$67.268,$9,$35.81
2019-11-22,310.959991,$66.608,$8.89,$35.33
2019-11-21,310.269989,$70.966,$8.71,$34.67
2019-11-20,310.769989,$70.444,$8.73,$35.28
2019-11-19,311.929993,$71.904,$8.9,$36.38
2019-11-18,312.019989,$69.998,$8.95,$36.62
2019-11-15,311.790009,$70.434,$8.95,$36.89
2019-11-14,309.549988,$69.87,$8.79,$36.8
2019-11-13,309.100006,$69.222,$8.81,$37.19
2019-11-12,309,$69.986,$9.04,$38.59
2019-11-11,308.350006,$69.018,$9.08,$38.72
2019-11-08,308.940002,$67.428,$9.04,$38.67
2019-11-07,308.179993,$67.108,$8.89,$38.49
2019-11-06,307.100006,$65.316,$8.92,$38.42
2019-11-05,307.029999,$63.444,$9.02,$38.23
2019-11-04,307.369995,$63.494,$9,$38.39
2019-11-01,306.140015,$62.662,$8.89,$37.97
2019-10-31,303.329987,$62.984,$8.59,$37.16
2019-10-30,304.140015,$63.002,$8.54,$37.91
2019-10-29,303.209991,$63.244,$8.64,$38.21
2019-10-28,303.299988,$65.542,$8.61,$36.64
2019-10-25,301.600006,$65.626,$8.72,$36.74
2019-10-24,300.369995,$59.936,$8.6,$35.82
2019-10-23,299.880005,$50.936,$9.21,$36.61
2019-10-22,299.01001,$51.116,$9.07,$36.31
2019-10-21,299.98999,$50.7,$9.03,$35.93
2019-10-18,297.970001,$51.39,$9.29,$36.17
2019-10-17,299.279999,$52.394,$9.11,$36.19
2019-10-16,298.399994,$51.95,$9.07,$36.65
2019-10-15,298.880005,$51.578,$9.07,$36.26
2019-10-14,295.950012,$51.392,$8.82,$35.5
2019-10-11,296.279999,$49.578,$8.78,$35.57
2019-10-10,293.23999,$48.948,$8.62,$34.66
2019-10-09,291.269989,$48.906,$8.56,$34.14
2019-10-08,288.529999,$48.01,$8.54,$33.88
2019-10-07,293.079987,$47.544,$8.68,$34.75
2019-10-04,294.350006,$46.286,$8.74,$34.91
2019-10-03,290.420013,$46.606,$8.71,$34.98
2019-10-02,288.059998,$48.626,$8.61,$34.68
2019-10-01,293.23999,$48.938,$8.9,$36.11
2019-09-30,296.769989,$48.174,$9.16,$37.48
2019-09-27,295.399994,$48.426,$9.08,$37.42
2019-09-26,297,$48.512,$9.14,$37.61
2019-09-25,297.619995,$45.74,$9.2,$37.11
2019-09-24,295.869995,$44.642,$9.11,$36.77
2019-09-23,298.209991,$48.246,$9.16,$37.24
2019-09-20,298.279999,$48.124,$9.17,$37.37
2019-09-19,301.079987,$49.32,$9.1,$37.78
2019-09-18,301.100006,$48.698,$9.25,$38.18
2019-09-17,300.920013,$48.958,$9.28,$38.29
2019-09-16,300.160004,$48.562,$9.3,$37.21
2019-09-13,301.089996,$49.04,$9.45,$38.86
2019-09-12,301.290009,$49.174,$9.41,$39.07
2019-09-11,300.25,$49.42,$9.42,$39.46
2019-09-10,298.130005,$47.108,$9.42,$39.58
2019-09-09,298.200012,$46.358,$9.54,$39.58
2019-09-06,298.049988,$45.49,$9.34,$38.78
2019-09-05,297.820007,$45.916,$9.34,$38.73
2019-09-04,294.040009,$44.136,$9.2,$38.24
2019-09-03,290.73999,$45.002,$9.1,$36.91
2019-08-30,292.450012,$45.122,$9.17,$37.09
2019-08-29,292.579987,$44.342,$9.12,$36.91
2019-08-28,288.890015,$43.118,$9,$36.44
2019-08-27,286.869995,$42.816,$8.76,$35.89
2019-08-26,288,$43,$8.82,$36.25
2019-08-23,284.850006,$42.28,$8.77,$36.06
2019-08-22,292.359985,$44.43,$9.04,$37.26
2019-08-21,292.450012,$44.166,$9.04,$37.12
2019-08-20,290.089996,$45.172,$8.96,$36.96
2019-08-19,292.329987,$45.366,$9.03,$37.36
2019-08-16,288.850006,$43.988,$8.96,$37
2019-08-15,284.649994,$43.128,$8.86,$36.47
2019-08-14,283.899994,$43.924,$9,$37.19
2019-08-13,292.549988,$47,$9.26,$39.01
2019-08-12,288.070007,$45.802,$9.29,$38.86
2019-08-09,291.619995,$47.002,$9.45,$39.61
2019-08-08,293.619995,$47.66,$9.56,$40.1
2019-08-07,287.970001,$46.684,$9.53,$39.39
2019-08-06,287.799988,$46.15,$9.48,$39.08
2019-08-05,283.820007,$45.664,$9.23,$39.01
2019-08-02,292.619995,$46.868,$9.28,$39.78
2019-08-01,294.839996,$46.77,$9.31,$40.15
2019-07-31,297.429993,$48.322,$9.53,$40.34
2019-07-30,300.720001,$48.452,$9.55,$40.43
2019-07-29,301.459991,$47.154,$9.6,$40.68
2019-07-26,302.01001,$45.608,$9.57,$40.77
2019-07-25,300,$45.764,$9.56,$40.75
2019-07-24,301.440002,$52.976,$10.33,$40.88
2019-07-23,300.029999,$52.034,$10.17,$40.71
2019-07-22,297.899994,$51.136,$10.02,$39.86
2019-07-19,297.170013,$51.636,$10.2,$39.48
2019-07-18,298.829987,$50.708,$10.26,$39.12
2019-07-17,297.73999,$50.972,$10.33,$39.16
2019-07-16,299.779999,$50.476,$10.51,$39.43
2019-07-15,300.75,$50.7,$10.42,$39.36
2019-07-12,300.649994,$49.016,$10.49,$39.21
2019-07-11,299.309998,$47.72,$10.19,$38.43
2019-07-10,298.609985,$47.784,$10.11,$38.1
2019-07-09,297.190002,$46.012,$10.14,$38.08
2019-07-08,296.820007,$46.068,$10.2,$38.23
2019-07-05,298.459991,$46.62,$10.2,$38.5
2019-07-03,298.799988,$46.98,$10.2,$38.16
2019-07-02,296.429993,$44.91,$10.12,$38.34
2019-07-01,295.660004,$45.434,$10.15,$38.75
2019-06-28,293,$44.692,$10.23,$38.53
2019-06-27,291.5,$44.568,$10.2,$38.32
2019-06-26,290.470001,$43.854,$9.91,$38.13
2019-06-25,290.76001,$43.952,$9.84,$37.68
2019-06-24,293.640015,$44.728,$9.95,$36.96
2019-06-21,294,$44.372,$9.99,$36.92
2019-06-20,295.859985,$43.924,$10.04,$36.96
2019-06-19,293.059998,$45.286,$10.04,$36.78
2019-06-18,292.399994,$44.948,$10.1,$36.7
2019-06-17,289.369995,$45.006,$10.05,$36.14
2019-06-14,289.26001,$42.984,$9.98,$35.66
2019-06-13,289.579987,$42.782,$10.06,$36.02
2019-06-12,288.390015,$41.852,$9.85,$35.67
2019-06-11,288.899994,$43.42,$9.92,$36.2
2019-06-10,288.970001,$42.576,$9.82,$36.01
2019-06-07,287.649994,$40.9,$9.76,$35.49
2019-06-06,284.799988,$41.19,$9.75,$35.19
2019-06-05,282.959991,$39.318,$9.78,$35.84
2019-06-04,280.529999,$38.72,$9.92,$35.73
2019-06-03,274.570007,$35.794,$9.61,$33.7
2019-05-31,275.269989,$37.032,$9.52,$33.34
2019-05-30,279.029999,$37.644,$9.74,$34.82
2019-05-29,278.269989,$37.972,$9.71,$34.79
2019-05-28,280.149994,$37.74,$9.78,$34.85
2019-05-24,282.779999,$38.126,$9.83,$35.12
2019-05-23,282.140015,$39.098,$9.85,$35.13
2019-05-22,285.630005,$38.546,$9.97,$35.55
2019-05-21,286.51001,$41.016,$10.24,$37.13
2019-05-20,283.950012,$41.072,$10.28,$36.97
2019-05-17,285.839996,$42.206,$10.29,$37
2019-05-16,287.700012,$45.666,$10.4,$37.38
2019-05-15,285.059998,$46.39,$10.36,$37.37
2019-05-14,283.399994,$46.462,$10.24,$37.04
2019-05-13,280.859985,$45.402,$10.08,$36.56
2019-05-10,288.100006,$47.904,$10.38,$37.89
2019-05-09,286.660004,$48.396,$10.2,$37.58
2019-05-08,287.529999,$48.968,$10.34,$38.21
2019-05-07,287.929993,$49.412,$10.38,$38.53
2019-05-06,292.820007,$51.068,$10.37,$38.09
2019-05-03,294.029999,$51.006,$10.41,$38.8
2019-05-02,291.179993,$48.82,$10.34,$38.25
2019-05-01,291.809998,$46.802,$10.3,$38.75
2019-04-30,294.019989,$47.738,$10.45,$38.95
2019-04-29,293.869995,$48.294,$10.32,$40.01
2019-04-26,293.410004,$47.028,$10.41,$39.68
2019-04-25,292.049988,$49.526,$9.4,$39.11
2019-04-24,292.230011,$51.732,$9.57,$39.72
2019-04-23,292.880005,$52.78,$9.5,$39.83
2019-04-22,290.269989,$52.55,$9.5,$39.5
2019-04-18,290.019989,$54.652,$9.55,$40.3
2019-04-17,289.450012,$54.246,$9.5,$39.99
2019-04-16,290.160004,$54.672,$9.36,$39.66
2019-04-15,289.970001,$53.276,$9.33,$39.57
2019-04-12,290.160004,$53.54,$9.45,$39.71
2019-04-11,288.209991,$53.684,$9.39,$39.33
2019-04-10,288.290009,$55.212,$9.33,$39.25
2019-04-09,287.309998,$54.462,$9.21,$38.86
2019-04-08,288.790009,$54.64,$9.3,$39.06
2019-04-05,288.570007,$54.992,$9.25,$38.94
2019-04-04,287.179993,$53.556,$9.24,$38.79
2019-04-03,286.420013,$58.362,$9.13,$38.39
2019-04-02,285.970001,$57.176,$9.01,$37.81
2019-04-01,285.829987,$57.836,$8.98,$37.76
2019-03-29,282.480011,$55.972,$8.78,$37.1
2019-03-28,280.709991,$55.724,$8.77,$37.06
2019-03-27,279.649994,$54.966,$8.62,$36.61
2019-03-26,281.119995,$53.554,$8.76,$36.87
2019-03-25,279.040009,$52.084,$8.51,$36.75
2019-03-22,279.25,$52.906,$8.54,$36.44
2019-03-21,284.730011,$54.804,$8.69,$37.35
2019-03-20,281.549988,$54.72,$8.51,$37
2019-03-19,282.399994,$53.494,$8.7,$38.27
2019-03-18,282.329987,$53.898,$8.57,$37.98
2019-03-15,281.309998,$55.086,$8.43,$38.07
2019-03-14,281.160004,$57.992,$8.41,$38.03
2019-03-13,281.339996,$57.792,$8.53,$38.8
2019-03-12,279.48999,$56.672,$8.57,$38.62
2019-03-11,278.440002,$58.184,$8.61,$38.62
2019-03-08,274.459991,$56.828,$8.42,$37.99
2019-03-07,275.01001,$55.318,$8.48,$38.04
2019-03-06,277.329987,$55.248,$8.58,$38.67
2019-03-05,279.019989,$55.308,$8.77,$39.28
2019-03-04,279.399994,$57.072,$8.81,$39.25
2019-03-01,280.420013,$58.958,$8.79,$39.53
2019-02-28,278.679993,$63.976,$8.77,$39.48
2019-02-27,279.200012,$62.948,$8.78,$40
2019-02-26,279.320007,$59.572,$8.88,$40.11
2019-02-25,279.519989,$59.754,$8.76,$40.14
2019-02-22,279.140015,$58.942,$8.71,$39.99
2019-02-21,277.420013,$58.246,$8.71,$39.62
2019-02-20,278.410004,$60.512,$8.94,$39.95
2019-02-19,277.850006,$61.128,$8.83,$39.53
2019-02-15,277.369995,$61.576,$8.54,$39.09
2019-02-14,274.380005,$60.754,$8.42,$38.89
2019-02-13,274.98999,$61.634,$8.41,$39
2019-02-12,274.100006,$62.362,$8.46,$39.03
2019-02-11,270.619995,$62.568,$8.33,$38.63
2019-02-08,270.470001,$61.16,$8.39,$38.7
2019-02-07,270.140015,$61.502,$8.31,$38.65
2019-02-06,272.73999,$63.444,$8.72,$39.91
2019-02-05,273.100006,$64.27,$8.75,$39.3
2019-02-04,271.959991,$62.578,$8.7,$38.93
2019-02-01,270.059998,$62.442,$8.72,$38.78
2019-01-31,269.929993,$61.404,$8.8,$39.02
2019-01-30,267.579987,$61.754,$8.71,$39.09
2019-01-29,263.410004,$59.492,$8.76,$38.47
2019-01-28,263.76001,$59.276,$8.66,$38.46
2019-01-25,265.779999,$59.408,$8.86,$38.64
2019-01-24,263.549988,$58.302,$8.6,$38.16
2019-01-23,263.410004,$57.518,$8.34,$37.67
2019-01-22,262.859985,$59.784,$8.5,$38.15
2019-01-18,266.459991,$60.452,$8.58,$38.61
2019-01-17,262.959991,$69.462,$8.36,$38.26
2019-01-16,260.980011,$69.21,$8.29,$37.67
2019-01-15,260.350006,$68.886,$8.84,$37.55
2019-01-14,257.399994,$66.88,$8.99,$37.66
2019-01-11,258.980011,$69.452,$8.82,$37.18
2019-01-10,258.880005,$68.994,$8.67,$34.73
2019-01-09,257.970001,$67.706,$8.72,$35.18
2019-01-08,256.769989,$67.07,$8.37,$34.81
2019-01-07,254.380005,$66.992,$8.29,$34.36
2019-01-04,252.389999,$63.538,$8.08,$33.33
2019-01-03,244.210007,$60.072,$7.78,$32.25
2019-01-02,250.179993,$62.024,$7.9,$33.64
2018-12-31,249.919998,$66.56,$7.65,$33.45
2018-12-28,247.75,$66.774,$7.81,$33.92
2018-12-27,248.070007,$63.226,$7.85,$33.96
2018-12-26,246.179993,$65.218,$7.85,$33.52
2018-12-24,234.339996,$59.078,$7.63,$32.37
2018-12-21,240.699997,$63.954,$8.05,$32.98
2018-12-20,247.169998,$63.076,$8.26,$34.27
2018-12-19,251.259995,$66.594,$8.32,$34.93
2018-12-18,255.080002,$67.406,$8.47,$34.9
2018-12-17,255.360001,$69.684,$8.5,$34.66
2018-12-14,260.470001,$73.142,$8.52,$35.1
2018-12-13,265.369995,$75.358,$8.5,$35.11
2018-12-12,265.459991,$73.32,$8.64,$35.68
2018-12-11,264.130005,$73.352,$8.54,$34.69
2018-12-10,264.070007,$73.03,$8.52,$34.42
2018-12-07,263.570007,$71.593,$8.82,$34.69
2018-12-06,269.839996,$72.612,$9.02,$35.7
2018-12-04,270.25,$71.94,$9.18,$36.52
2018-12-03,279.299988,$71.698,$9.6,$38.45
2018-11-30,275.649994,$70.096,$9.41,$37.95
2018-11-29,273.980011,$68.234,$9.37,$36.76
2018-11-28,274.579987,$69.574,$9.41,$36.95
2018-11-27,268.399994,$68.784,$9.28,$36.69
2018-11-26,267.5,$69.2,$9.4,$37.65
2018-11-23,263.25,$65.166,$9.13,$35.93
2018-11-21,265.019989,$67.638,$9.11,$35.55
2018-11-20,264.119995,$69.498,$9.06,$35.09
2018-11-19,269.100006,$70.694,$9.25,$35.68
2018-11-16,273.730011,$70.862,$9.05,$35.75
2018-11-15,273.019989,$69.688,$9.31,$35.55
2018-11-14,270.200012,$68.8,$9.54,$35.23
2018-11-13,272.059998,$67.746,$9.54,$35.93
2018-11-12,272.570007,$66.256,$9.49,$35.69
2018-11-09,277.76001,$70.102,$9.38,$35.7
2018-11-08,280.5,$70.28,$9.46,$36.57
2018-11-07,281.01001,$69.632,$9.6,$36.88
2018-11-06,275.119995,$68.212,$9.54,$36.46
2018-11-05,273.390015,$68.28,$9.53,$36.25
2018-11-02,271.890015,$69.282,$9.38,$36.03
2018-11-01,273.51001,$68.856,$9.29,$36.47
2018-10-31,270.630005,$67.464,$9.55,$36.59
2018-10-30,267.769989,$65.98,$9.46,$33.54
2018-10-29,263.859985,$66.97,$9.28,$33.13
2018-10-26,265.329987,$66.18,$8.98,$32.65
2018-10-25,270.079987,$62.972,$8.99,$32
2018-10-24,265.320007,$57.7,$8.18,$30.56
2018-10-23,273.609985,$58.828,$8.59,$32.12
2018-10-22,275.01001,$52.19,$8.41,$31.34
2018-10-19,276.25,$52,$8.5,$31.2
2018-10-18,276.399994,$52.782,$8.51,$31.08
2018-10-17,280.450012,$54.356,$8.76,$31.93
2018-10-16,280.399994,$55.318,$8.8,$32.34
2018-10-15,274.399994,$51.918,$8.81,$32.12
2018-10-12,275.950012,$51.756,$8.64,$31.79
2018-10-11,272.170013,$50.446,$8.81,$32.31
2018-10-10,278.299988,$51.376,$8.82,$32.6
2018-10-09,287.399994,$52.56,$8.95,$32.65
2018-10-08,287.820007,$50.112,$9.26,$34.25
2018-10-05,287.820007,$52.39,$9.12,$34.12
2018-10-04,289.440002,$56.366,$9.15,$34.25
2018-10-03,291.720001,$58.96,$9.13,$34
2018-10-02,291.559998,$60.204,$9.2,$33.3
2018-10-01,291.730011,$62.14,$9.32,$34.2
2018-09-28,290.720001,$52.954,$9.25,$33.67
2018-09-27,290.690002,$61.504,$9.23,$33.67
2018-09-26,289.880005,$61.916,$9.27,$33.73
2018-09-25,290.75,$60.198,$9.39,$33.55
2018-09-24,291.019989,$59.936,$9.59,$34.75
2018-09-21,291.98999,$59.82,$9.85,$35.32
2018-09-20,293.579987,$59.666,$9.81,$36.08
2018-09-19,291.220001,$59.804,$9.78,$35.73
2018-09-18,290.910004,$56.992,$9.58,$35.1
2018-09-17,289.339996,$58.968,$9.55,$35.02
2018-09-14,290.880005,$59.04,$9.45,$34.63
2018-09-13,290.829987,$57.892,$9.37,$34.25
2018-09-12,289.119995,$58.108,$9.34,$34.06
2018-09-11,289.049988,$55.888,$9.31,$33.77
2018-09-10,288.100006,$57.1,$9.38,$33.87
2018-09-07,287.600006,$52.648,$9.27,$33.91
2018-09-06,288.160004,$56.19,$9.43,$34.38
2018-09-05,289.029999,$56.148,$9.49,$35.29
2018-09-04,289.809998,$57.79,$9.47,$35.6
2018-08-31,290.309998,$60.332,$9.48,$36.05
2018-08-30,290.299988,$60.63,$9.7,$36.36
2018-08-29,291.480011,$61.002,$9.97,$37.12
2018-08-28,289.920013,$62.372,$10.01,$37.32
2018-08-27,289.779999,$63.854,$9.99,$37.69
2018-08-24,287.51001,$64.564,$9.68,$35.95
2018-08-23,285.790009,$64.02,$9.63,$35.67
2018-08-22,286.170013,$64.328,$9.69,$36.13
2018-08-21,286.339996,$64.38,$9.86,$36.91
2018-08-20,285.670013,$61.688,$9.72,$36.77
2018-08-17,285.059998,$61.1,$9.55,$36.38
2018-08-16,284.059998,$67.09,$9.51,$36.29
2018-08-15,281.779999,$67.738,$9.45,$35.94
2018-08-14,283.899994,$69.528,$9.5,$36.2
2018-08-13,282.100006,$71.282,$9.46,$36.16
2018-08-10,283.160004,$71.098,$9.74,$36.59
2018-08-09,285.070007,$70.49,$9.91,$37.51
2018-08-08,285.459991,$74.068,$10.05,$37.66
2018-08-07,285.579987,$75.914,$10.08,$37.58
2018-08-06,284.640015,$68.398,$10.03,$37.6
2018-08-03,283.600006,$69.634,$10.04,$37.73
2018-08-02,282.390015,$69.908,$9.92,$36.62
2018-08-01,280.859985,$60.168,$9.9,$37.14
2018-07-31,281.329987,$59.628,$10.04,$37.91
2018-07-30,279.950012,$58.034,$10.07,$37.67
2018-07-27,281.420013,$59.436,$9.93,$37.53
2018-07-26,283.339996,$61.33,$9.89,$36.75
2018-07-25,284.01001,$61.748,$10.52,$37.65
2018-07-24,281.609985,$59.486,$10.57,$39.48
2018-07-23,280.200012,$60.64,$10.47,$39.27
2018-07-20,279.679993,$62.716,$10.56,$39.4
2018-07-19,280,$64.046,$10.82,$39.31
2018-07-18,281.059998,$64.77,$10.87,$39.87
2018-07-17,280.470001,$64.538,$10.86,$40.03
2018-07-16,279.339996,$62.02,$10.85,$39.56
2018-07-13,279.589996,$63.774,$10.98,$39.36
2018-07-12,279.369995,$63.342,$11.05,$39.27
2018-07-11,276.859985,$63.792,$11.07,$39.3
2018-07-10,278.899994,$64.494,$11.25,$40.09
2018-07-09,277.899994,$63.702,$11.2,$39.75
2018-07-06,275.420013,$61.78,$11.06,$39.16
2018-07-05,273.109985,$61.832,$11.05,$39.47
2018-07-03,270.899994,$62.172,$10.99,$38.97
2018-07-02,271.859985,$67.014,$11.1,$39.5
2018-06-29,271.279999,$68.59,$11.07,$39.4
2018-06-28,270.890015,$69.986,$11.28,$40.52
2018-06-27,269.350006,$68.9,$11.42,$40.37
2018-06-26,271.600006,$68.4,$11.52,$41.01
2018-06-25,271,$66.602,$11.5,$40.61
2018-06-22,274.73999,$66.726,$11.65,$41.25
2018-06-21,274.23999,$69.502,$11.71,$41.12
2018-06-20,275.970001,$72.444,$11.87,$41.95
2018-06-19,275.5,$70.51,$11.89,$42.26
2018-06-18,276.559998,$74.166,$11.99,$43.95
2018-06-15,277.130005,$71.634,$11.88,$43.91
2018-06-14,278.730011,$71.544,$11.89,$43.57
2018-06-13,278.029999,$68.956,$12.02,$44.45
2018-06-12,278.920013,$68.554,$12.11,$44.18
2018-06-11,278.559998,$66.42,$12.03,$44.85
2018-06-08,278.190002,$63.532,$12.1,$44.25
2018-06-07,277.369995,$63.218,$12.03,$44.01
2018-06-06,277.399994,$63.9,$11.97,$43.93
2018-06-05,275.100006,$58.226,$11.83,$43.41
2018-06-04,274.899994,$59.348,$11.74,$43.78
2018-06-01,273.600006,$58.364,$11.71,$43.2
2018-05-31,270.940002,$56.946,$11.55,$42.7
2018-05-30,272.609985,$58.344,$11.55,$37.83
2018-05-29,269.019989,$56.752,$11.44,$37.38
2018-05-25,272.149994,$55.77,$11.51,$38.3
2018-05-24,272.799988,$55.57,$11.62,$38.39
2018-05-23,273.359985,$55.814,$11.44,$37.85
2018-05-22,272.609985,$55.002,$11.52,$38.28
2018-05-21,273.369995,$56.898,$11.51,$38.09
2018-05-18,271.329987,$55.364,$11.33,$37.79
2018-05-17,272.01001,$56.908,$11.46,$38.3
2018-05-16,272.23999,$57.296,$11.4,$38.03
2018-05-15,271.100006,$56.836,$11.22,$36.94
2018-05-14,272.980011,$58.394,$11.18,$36.63
2018-05-11,272.850006,$60.212,$11.19,$36.89
2018-05-10,272.019989,$61.004,$11.21,$37.16
2018-05-09,269.5,$61.37,$11.06,$36.27
2018-05-08,266.920013,$60.394,$11.27,$36.33
2018-05-07,266.920013,$60.554,$11.34,$36.34
2018-05-04,266.019989,$58.818,$11.36,$36.71
2018-05-03,262.619995,$56.89,$11.2,$36.15
2018-05-02,263.200012,$60.23,$11.21,$36.2
2018-05-01,264.980011,$59.984,$11.26,$36.42
2018-04-30,264.51001,$58.78,$11.24,$36.74
2018-04-27,266.559998,$58.815,$11.49,$37.65
2018-04-26,266.309998,$57.096,$11.43,$38.25
2018-04-25,263.630005,$56.138,$11.11,$38.11
2018-04-24,262.980011,$56.692,$10.96,$37.93
2018-04-23,266.570007,$56.674,$11.04,$37.69
2018-04-20,266.609985,$58.048,$10.82,$37.61
2018-04-19,268.890015,$60.016,$10.96,$37.77
2018-04-18,270.390015,$58.67,$11.33,$38.93
2018-04-17,270.190002,$57.538,$11.38,$39.22
2018-04-16,267.329987,$58.242,$11.38,$39.17
2018-04-13,265.149994,$60.068,$11.28,$38.73
2018-04-12,265.929993,$58.816,$11.31,$38.83
2018-04-11,263.76001,$60.186,$11.43,$39
2018-04-10,265.149994,$60.94,$11.45,$39.07
2018-04-09,261,$57.932,$11.25,$37.83
2018-04-06,259.720001,$59.86,$11.18,$37.68
2018-04-05,265.640015,$61.144,$11.35,$38
2018-04-04,263.559998,$57.388,$11.33,$38.03
2018-04-03,260.769989,$53.506,$11.15,$36.94
2018-04-02,257.470001,$50.496,$10.86,$35.76
2018-03-29,263.149994,$53.226,$11.08,$36.34
2018-03-28,259.829987,$51.556,$10.86,$35.47
2018-03-27,260.600006,$55.836,$10.83,$34.87
2018-03-26,265.109985,$60.836,$10.83,$35.99
2018-03-23,258.049988,$60.308,$10.56,$35.17
2018-03-22,263.670013,$61.82,$10.75,$36.35
2018-03-21,270.429993,$63.306,$11.1,$37.58
2018-03-20,270.950012,$62.11,$10.99,$36.89
2018-03-19,270.48999,$62.712,$11.01,$37.01
2018-03-16,274.200012,$64.27,$11.15,$37.94
2018-03-15,275,$65.12,$11.07,$37.85
2018-03-14,275.299988,$65.326,$11.02,$37.69
2018-03-13,276.720001,$68.368,$10.78,$38.01
2018-03-12,278.519989,$69.102,$10.81,$37.83
2018-03-09,278.869995,$65.434,$10.73,$37.84
2018-03-08,274.100006,$65.82,$10.61,$37.84
2018-03-07,272.779999,$66.46,$10.63,$37.74
2018-03-06,272.880005,$65.64,$10.63,$37.93
2018-03-05,272.190002,$66.67,$10.58,$37.74
2018-03-02,269.079987,$67.024,$10.4,$37.43
2018-03-01,267.700012,$66.186,$10.29,$37.79
2018-02-28,271.649994,$68.612,$10.61,$39.35
2018-02-27,274.429993,$70.198,$10.61,$40.17
2018-02-26,277.899994,$71.484,$10.89,$41.54
2018-02-23,274.709991,$70.41,$10.7,$40.91
2018-02-22,270.399994,$69.234,$10.63,$40.91
2018-02-21,270.049988,$66.66,$10.6,$40.56
2018-02-20,271.399994,$66.954,$10.63,$40.77
2018-02-16,273.109985,$67.098,$10.61,$41.09
2018-02-15,273.029999,$66.813,$10.76,$41.85
2018-02-14,269.589996,$64.462,$10.74,$41.81
2018-02-13,266,$64.732,$10.59,$41.4
2018-02-12,265.339996,$63.146,$10.7,$42
2018-02-09,261.5,$62.084,$10.53,$41.46
2018-02-08,257.630005,$63.046,$10.43,$40.75
2018-02-07,267.670013,$69,$10.76,$42.39
2018-02-06,269.130005,$66.794,$10.76,$41.86
2018-02-05,263.929993,$66.626,$10.24,$39.54
2018-02-02,275.450012,$68.75,$10.71,$41
2018-02-01,281.579987,$69.85,$10.92,$42.43
2018-01-31,281.899994,$70.862,$10.97,$42.41
2018-01-30,281.76001,$69.164,$11.06,$42.7
2018-01-29,284.679993,$69.906,$11.12,$43.02
2018-01-26,286.579987,$68.57,$11.65,$43.49
2018-01-25,283.299988,$67.528,$11.57,$43.16
2018-01-24,283.179993,$69.178,$12.05,$44.16
2018-01-23,283.290009,$70.558,$11.96,$43.38
2018-01-22,282.690002,$70.312,$12.02,$43.29
2018-01-19,280.410004,$70.004,$12,$43.15
2018-01-18,279.140015,$68.914,$12.07,$43.86
2018-01-17,279.609985,$69.432,$12.18,$44.03
2018-01-16,276.970001,$68.012,$13.1,$44.19
2018-01-12,277.920013,$67.244,$13.23,$44.07
2018-01-11,276.119995,$67.59,$13.16,$44.19
2018-01-10,274.119995,$66.96,$13.03,$43
2018-01-09,274.540009,$66.738,$13.08,$44.05
2018-01-08,273.920013,$67.282,$13.15,$44.22
2018-01-05,273.420013,$63.316,$13.2,$44.01
2018-01-04,271.609985,$62.924,$12.98,$44.14
2018-01-03,270.470001,$63.45,$12.76,$42.82
2018-01-02,268.769989,$64.106,$12.66,$41.8
2017-12-29,266.859985,$62.27,$12.49,$40.99
2017-12-28,267.869995,$63.072,$12.58,$41.38
2017-12-27,267.320007,$62.328,$12.5,$41.31
2017-12-26,267.190002,$63.458,$12.6,$41.8
2017-12-22,267.51001,$65.04,$12.58,$42.02
2017-12-21,267.579987,$66.332,$12.63,$42.16
2017-12-20,267.029999,$65.796,$12.72,$42.52
2017-12-19,267.170013,$66.22,$12.69,$42.49
2017-12-18,268.200012,$67.774,$12.66,$42.15
2017-12-15,266.51001,$68.69,$12.58,$40.95
2017-12-14,265.660004,$67.578,$12.46,$40.81
2017-12-13,266.75,$67.806,$12.63,$41.4
2017-12-12,266.779999,$68.206,$12.6,$41.53
2017-12-11,266.309998,$65.782,$12.58,$41.67
2017-12-08,265.51001,$63.026,$12.61,$42.02
2017-12-07,264.070007,$62.248,$12.53,$42.02
2017-12-06,263.23999,$62.652,$12.38,$42.15
2017-12-05,263.190002,$60.74,$12.43,$42.8
2017-12-04,264.140015,$61.04,$12.63,$43.05
2017-12-01,264.459991,$61.306,$12.58,$35.55
2017-11-30,265.01001,$61.77,$12.52,$43.09
2017-11-29,262.709991,$61.508,$12.56,$43.81
2017-11-28,262.869995,$63.51,$12.21,$44.92
2017-11-27,260.230011,$63.362,$12.11,$44.17
2017-11-24,260.359985,$63.11,$12.1,$44.46
2017-11-22,259.76001,$62.52,$12.07,$44.29
2017-11-21,259.98999,$63.562,$12.12,$44.97
2017-11-20,258.299988,$61.748,$12.13,$44.88
2017-11-17,257.859985,$63.01,$12.01,$43.88
2017-11-16,258.619995,$62.5,$12.04,$43.6
2017-11-15,256.440002,$62.26,$12,$42.86
2017-11-14,257.730011,$61.74,$12.02,$43
2017-11-13,258.329987,$63.08,$12.16,$43.57
2017-11-10,258.089996,$60.598,$12.01,$42.66
2017-11-09,258.170013,$60.598,$12.04,$42.11
2017-11-08,259.109985,$60.878,$12.06,$42.11
2017-11-07,258.670013,$61.21,$12.16,$41.7
2017-11-06,258.850006,$60.556,$12.33,$42.14
2017-11-03,258.450012,$61.218,$12.36,$42.34
2017-11-02,257.589996,$59.852,$12.42,$42.6
2017-11-01,257.48999,$64.216,$12.35,$43.13
2017-10-31,257.149994,$66.306,$12.27,$42.98
2017-10-30,256.75,$64.016,$12.1,$43.37
2017-10-27,257.709991,$64.174,$12.06,$44.64
2017-10-26,255.619995,$65.234,$12.27,$45.25
2017-10-25,255.289993,$65.168,$12.04,$45.12
2017-10-24,256.559998,$67.468,$12.19,$46.48
2017-10-23,256.109985,$67.404,$12.04,$45.15
2017-10-20,257.109985,$69.02,$12.1,$45.61
2017-10-19,255.789993,$70.362,$12.23,$45.35
2017-10-18,255.720001,$71.93,$12.19,$45.12
2017-10-17,255.470001,$71.15,$12.27,$45.02
2017-10-16,255.289993,$70.12,$12.12,$45.76
2017-10-13,254.949997,$71.114,$12.05,$45.88
2017-10-12,254.639999,$71.136,$12.12,$44.89
2017-10-11,255.020004,$70.92,$12.38,$45.47
2017-10-10,254.619995,$71.118,$12.39,$45.21
2017-10-09,253.949997,$68.588,$12.34,$45.33
2017-10-06,254.369995,$71.376,$12.31,$44.93
2017-10-05,254.660004,$71.066,$12.25,$43.85
2017-10-04,253.160004,$71.002,$12.3,$43.78
2017-10-03,252.860001,$69.628,$12.34,$43.45
2017-10-02,252.320007,$68.306,$12.09,$42.15
2017-09-29,251.229996,$68.22,$11.97,$40.38
2017-09-28,250.350006,$67.92,$11.96,$40.58
2017-09-27,250.050003,$68.194,$11.95,$40.58
2017-09-26,249.080002,$69.05,$11.93,$40.26
2017-09-25,248.929993,$68.998,$11.94,$40.3
2017-09-22,249.440002,$70.218,$11.84,$39.42
2017-09-21,249.389999,$73.296,$11.72,$39.1
2017-09-20,250.059998,$74.782,$11.71,$38.88
2017-09-19,249.970001,$75.02,$11.72,$38.7
2017-09-18,249.720001,$77,$11.63,$38.59
2017-09-15,249.190002,$75.962,$11.62,$38.88
2017-09-14,250.089996,$75.528,$11.56,$38.79
2017-09-13,250.169998,$73.246,$11.62,$38.21
2017-09-12,250.050003,$72.55,$11.59,$37.89
2017-09-11,249.210007,$72.738,$11.41,$37.35
2017-09-08,246.580002,$68.68,$11.36,$37
2017-09-07,246.869995,$70.122,$11.4,$36.91
2017-09-06,246.899994,$68.906,$11.5,$37.67
2017-09-05,246.059998,$69.918,$11.36,$37.23
2017-09-01,247.839996,$71.08,$11.35,$37.36
2017-08-31,247.490005,$71.18,$11.03,$36.54
2017-08-30,246.009995,$70.636,$10.94,$35.82
2017-08-29,244.850006,$69.472,$10.84,$35.52
2017-08-28,244.570007,$69.132,$10.79,$35.51
2017-08-25,244.559998,$69.61,$10.82,$35.6
2017-08-24,243.990005,$70.586,$10.71,$35.52
2017-08-23,244.559998,$70.554,$10.71,$35.49
2017-08-22,245.440002,$68.27,$10.65,$35.3
2017-08-21,242.899994,$67.572,$10.57,$34.91
2017-08-18,242.710007,$69.492,$10.56,$34.83
2017-08-17,243.089996,$70.384,$10.64,$35
2017-08-16,246.940002,$72.582,$10.8,$35.75
2017-08-15,246.509995,$72.466,$10.84,$35.54
2017-08-14,246.539993,$72.76,$10.91,$35.47
2017-08-11,244.119995,$71.574,$10.77,$34.93
2017-08-10,243.759995,$71.08,$10.77,$34.88
2017-08-09,247.25,$72.706,$10.92,$35.28
2017-08-08,247.259995,$73.044,$10.89,$35.39
2017-08-07,247.869995,$71.034,$10.92,$35.3
2017-08-04,247.410004,$71.382,$10.95,$35.27
2017-08-03,246.960007,$69.418,$10.93,$34.77
2017-08-02,247.440002,$65.178,$11,$34.82
2017-08-01,247.320007,$63.914,$10.95,$34.76
2017-07-31,246.770004,$64.694,$11.22,$35.98
2017-07-28,246.910004,$67.014,$11.17,$35.77
2017-07-27,247.199997,$66.892,$11.18,$35.94
2017-07-26,247.429993,$68.77,$11.06,$35.62
2017-07-25,247.419998,$67.92,$11.27,$35.57
2017-07-24,246.820007,$68.504,$11.29,$35.82
2017-07-21,246.880005,$65.68,$11.53,$36.07
2017-07-20,247.100006,$65.984,$11.7,$36.41
2017-07-19,246.990005,$65.052,$11.83,$36.47
2017-07-18,245.660004,$65.648,$11.75,$36.43
2017-07-17,245.529999,$63.914,$11.74,$36.38
2017-07-14,245.559998,$65.556,$11.68,$36.35
2017-07-13,244.419998,$64.682,$11.6,$35.86
2017-07-12,244.009995,$65.904,$11.47,$35.5
2017-07-11,242.190002,$65.444,$11.38,$35.4
2017-07-10,242.369995,$63.21,$11.34,$35.19
2017-07-07,242.110001,$62.644,$11.26,$34.94
2017-07-06,240.550003,$61.766,$11.18,$34.87
2017-07-05,242.770004,$65.418,$11.3,$35.01
2017-07-03,242.210007,$70.524,$11.56,$35.57
2017-06-30,241.800003,$72.322,$11.19,$34.93
2017-06-29,241.350006,$72.15,$11.17,$34.86
2017-06-28,243.490005,$74.248,$11.09,$34.58
2017-06-27,241.330002,$72.474,$11.08,$34.21
2017-06-26,243.289993,$75.498,$11.18,$34.52
2017-06-23,243.130005,$76.69,$11.04,$34.2
2017-06-22,242.839996,$76.522,$11.13,$34.19
2017-06-21,242.949997,$75.28,$11.04,$34.13
2017-06-20,243.009995,$74.448,$11.12,$34.4
2017-06-19,244.660004,$73.96,$11.24,$34.35
2017-06-16,242.639999,$74.28,$11.22,$34.29
2017-06-15,243.770004,$75.068,$11.24,$34.6
2017-06-14,244.240005,$76.132,$11.22,$34.61
2017-06-13,244.550003,$75.19,$11.27,$34.51
2017-06-12,243.360001,$71.802,$11.28,$34.68
2017-06-09,243.410004,$71.464,$11.13,$34.34
2017-06-08,243.779999,$74,$11.1,$34.11
2017-06-07,243.660004,$71.93,$11.07,$34.34
2017-06-06,243.210007,$70.57,$11.12,$34.43
2017-06-05,243.990005,$69.464,$11.25,$34.46
2017-06-02,244.169998,$67.97,$11.35,$34.45
2017-06-01,243.360001,$68.074,$11.41,$34.43
2017-05-31,241.440002,$68.202,$11.12,$33.93
2017-05-30,241.5,$67.02,$11.08,$33.53
2017-05-26,241.710007,$65.028,$10.93,$33.07
2017-05-25,241.759995,$63.366,$10.86,$32.6
2017-05-24,240.610001,$62.044,$10.96,$33.2
2017-05-23,240.050003,$60.772,$11.05,$33.22
2017-05-22,239.520004,$62.07,$11.1,$32.92
2017-05-19,238.309998,$62.166,$10.87,$32.72
2017-05-18,236.770004,$62.612,$10.79,$32.47
2017-05-17,235.820007,$61.222,$10.76,$32.42
2017-05-16,240.080002,$63.402,$10.94,$33.42
2017-05-15,240.300003,$63.176,$10.94,$33.82
2017-05-12,238.979996,$64.962,$10.92,$33.62
2017-05-11,239.380005,$64.62,$11.01,$34.11
2017-05-10,239.869995,$65.044,$11.04,$34.23
2017-05-09,239.440002,$64.252,$11.16,$34.26
2017-05-08,239.660004,$61.438,$11.13,$33.97
2017-05-05,239.699997,$61.67,$11.14,$33.77
2017-05-04,238.759995,$59.092,$11,$33.15
2017-05-03,238.479996,$62.204,$11.07,$33.48
2017-05-02,238.770004,$63.778,$10.92,$33.2
2017-05-01,238.679993,$64.566,$11.42,$34.2
2017-04-28,238.080002,$62.814,$11.47,$34.64
2017-04-27,238.600006,$61.726,$11.47,$34.54
2017-04-26,238.399994,$62.034,$11.6,$34.38
2017-04-25,238.550003,$62.758,$11.48,$33.99
2017-04-24,237.169998,$61.606,$11.43,$33.91
2017-04-21,234.589996,$61.12,$11.34,$33.75
2017-04-20,235.339996,$60.502,$11.47,$34.1
2017-04-19,233.440002,$61.104,$11.19,$33.79
2017-04-18,233.869995,$60.05,$11.14,$33.69
2017-04-17,234.570007,$60.288,$11.28,$33.9
2017-04-13,232.509995,$60.8,$11.11,$33.39
2017-04-12,234.029999,$59.368,$11.23,$33.94
2017-04-11,235.059998,$61.742,$11.28,$33.92
2017-04-10,235.339996,$62.478,$11.25,$33.97
2017-04-07,235.199997,$60.508,$11.23,$33.71
2017-04-06,235.440002,$59.74,$11.27,$34.16
2017-04-05,234.779999,$59,$11.26,$34
2017-04-04,235.479996,$60.74,$11.37,$34.27
2017-04-03,235.330002,$59.704,$11.44,$34.17
2017-03-31,235.740005,$55.66,$11.64,$35.36
2017-03-30,236.289993,$55.584,$11.68,$35.41
2017-03-29,235.539993,$55.476,$11.68,$35.54
2017-03-28,235.320007,$55.49,$11.65,$35.56
2017-03-27,233.619995,$54.044,$11.46,$34.71
2017-03-24,233.860001,$52.632,$11.62,$34.56
2017-03-23,234.029999,$50.956,$11.67,$34.26
2017-03-22,234.279999,$51.002,$11.77,$34.39
2017-03-21,233.729996,$50.136,$11.72,$34.55
2017-03-20,236.770004,$52.384,$12.28,$35.71
2017-03-17,237.029999,$52.3,$12.48,$36.33
2017-03-16,238.479996,$52.41,$12.7,$37.08
2017-03-15,238.949997,$51.146,$12.65,$37.09
2017-03-14,236.899994,$51.6,$12.55,$36.96
2017-03-13,237.809998,$49.234,$12.54,$36.87
2017-03-10,237.690002,$48.738,$12.53,$36.83
2017-03-09,236.860001,$48.98,$12.5,$36.83
2017-03-08,236.559998,$49.374,$12.53,$37.27
2017-03-07,237,$49.718,$12.46,$37.52
2017-03-06,237.710007,$50.242,$12.52,$37.91
2017-03-03,238.419998,$50.314,$12.65,$38.23
2017-03-02,238.270004,$50.096,$12.66,$37.76
2017-03-01,239.779999,$50.004,$12.69,$37.43
2017-02-28,236.470001,$49.998,$12.53,$36.84
2017-02-27,237.110001,$49.246,$12.66,$37.27
2017-02-24,236.740005,$51.4,$12.47,$36.9
2017-02-23,236.440002,$51.198,$12.56,$37.25
2017-02-22,236.279999,$54.702,$12.67,$37.84
2017-02-21,236.490005,$55.478,$12.69,$37.81
2017-02-17,235.089996,$54.446,$12.58,$37.22
2017-02-16,234.720001,$53.79,$12.54,$37.03
2017-02-15,234.919998,$55.952,$12.63,$37.08
2017-02-14,233.699997,$56.196,$12.65,$37.24
2017-02-13,232.770004,$56.12,$12.56,$35.52
2017-02-10,231.509995,$53.846,$12.51,$35.17
2017-02-09,230.600006,$53.84,$12.38,$35.08
2017-02-08,229.240005,$52.416,$12.38,$35.14
2017-02-07,228.940002,$51.496,$12.34,$35.1
2017-02-06,228.929993,$51.554,$12.52,$36.83
2017-02-03,229.339996,$50.266,$12.56,$36.33
2017-02-02,227.770004,$50.31,$12.28,$35.73
2017-02-01,227.619995,$49.848,$12.32,$36.14
2017-01-31,227.529999,$50.386,$12.36,$36.61
2017-01-30,227.550003,$50.126,$12.37,$36.33
2017-01-27,228.970001,$50.59,$12.49,$37.01
2017-01-26,229.330002,$50.502,$12.37,$37.52
2017-01-25,229.570007,$50.894,$12.79,$38.28
2017-01-24,227.600006,$50.922,$12.61,$37
2017-01-23,226.149994,$49.784,$12.31,$36.65
2017-01-20,226.740005,$48.946,$12.36,$37.01
2017-01-19,225.910004,$48.752,$12.43,$37.3
2017-01-18,226.75,$47.672,$12.41,$37.47
2017-01-17,226.25,$47.116,$12.61,$37.31
2017-01-13,227.050003,$47.55,$12.63,$37.34
2017-01-12,226.529999,$45.918,$12.59,$37.51
2017-01-11,227.100006,$45.946,$12.67,$37.95
2017-01-10,226.460007,$45.974,$12.85,$37.35
2017-01-09,226.460007,$46.256,$12.63,$36.01
2017-01-06,227.210007,$45.802,$12.76,$35.99
2017-01-05,226.399994,$45.35,$12.77,$36.39
2017-01-04,226.580002,$45.398,$13.17,$37.09
2017-01-03,225.240005,$43.398,$12.59,$35.15
2016-12-30,223.529999,$42.738,$12.13,$34.84
2016-12-29,224.350006,$42.936,$12.23,$35.14
2016-12-28,224.399994,$43.948,$12.25,$35.15
2016-12-27,226.270004,$43.906,$12.39,$35.54
2016-12-23,225.710007,$42.668,$12.46,$35.69
2016-12-22,225.380005,$41.69,$12.4,$35.69
2016-12-21,225.770004,$41.54,$12.64,$36.42
2016-12-20,226.399994,$41.758,$12.78,$36.61
2016-12-19,225.529999,$40.546,$12.66,$36.4
2016-12-16,225.039993,$40.498,$12.63,$36.37
2016-12-15,226.809998,$39.516,$12.58,$36.24
2016-12-14,225.880005,$39.738,$12.53,$35.95
2016-12-13,227.759995,$39.63,$12.77,$37.36
2016-12-12,226.25,$38.486,$12.82,$37.1
2016-12-09,226.509995,$38.436,$13.17,$37.66
2016-12-08,225.149994,$38.458,$13.03,$36.42
2016-12-07,224.600006,$38.63,$13.06,$36.3
2016-12-06,221.699997,$37.17,$12.56,$35.07
2016-12-05,221,$37.36,$12.44,$34.94
2016-12-02,219.679993,$36.294,$12.24,$35.41
2016-12-01,219.570007,$36.376,$12.43,$36.43
2016-11-30,220.380005,$37.88,$11.96,$34.53
2016-11-29,220.910004,$37.914,$11.92,$34.57
2016-11-28,220.479996,$39.224,$11.92,$34.05
2016-11-25,221.520004,$39.33,$12.04,$34.25
2016-11-23,220.699997,$38.628,$11.9,$33.86
2016-11-22,220.580002,$38.234,$11.89,$33.81
2016-11-21,220.149994,$36.904,$11.79,$33.01
2016-11-18,218.5,$37.004,$11.76,$33
2016-11-17,218.990005,$37.732,$11.87,$33.42
2016-11-16,217.869995,$36.786,$12,$33.23
2016-11-15,218.279999,$36.754,$12.04,$33.43
2016-11-14,216.589996,$36.29,$12.06,$33.28
2016-11-11,216.419998,$37.712,$12.28,$34.02
2016-11-10,216.919998,$37.07,$11.94,$32.73
2016-11-09,216.380005,$38.012,$11.58,$30.96
2016-11-08,214.110001,$38.988,$11.48,$31.73
2016-11-07,213.149994,$38.642,$11.58,$32.02
2016-11-04,208.550003,$38.112,$11.34,$31.16
2016-11-03,208.779999,$37.484,$11.35,$31.07
2016-11-02,209.740005,$37.604,$11.4,$31.45
2016-11-01,211.009995,$38.158,$11.61,$31.48
2016-10-31,212.550003,$39.546,$11.74,$31.6
2016-10-28,212.539993,$39.994,$11.72,$31.32
2016-10-27,213.169998,$40.802,$11.74,$31.33
2016-10-26,213.740005,$40.448,$11.88,$31.58
2016-10-25,214.169998,$40.468,$11.85,$31.6
2016-10-24,214.889999,$40.552,$12.19,$32.98
2016-10-21,213.979996,$40.018,$12.02,$32.04
2016-10-20,213.880005,$39.82,$11.97,$31.75
2016-10-19,214.279999,$40.712,$12.01,$31.85
2016-10-18,213.710007,$39.82,$11.89,$31.4
2016-10-17,212.380005,$38.792,$11.88,$31.56
2016-10-14,213.119995,$39.302,$11.91,$31.87
2016-10-13,213.009995,$40.048,$11.91,$31.51
2016-10-12,213.710007,$40.302,$11.96,$31.68
2016-10-11,213.429993,$40.02,$11.99,$31.89
2016-10-10,216.160004,$40.19,$12.12,$32.15
2016-10-07,215.039993,$39.322,$12.29,$32.34
2016-10-06,215.779999,$40.2,$12.39,$32.53
2016-10-05,215.630005,$41.692,$12.48,$32.68
2016-10-04,214.679993,$42.282,$12.2,$32.17
2016-10-03,215.779999,$42.74,$12.1,$32.04
2016-09-30,216.300003,$40.806,$12.07,$31.77
2016-09-29,214.679993,$40.14,$11.97,$31.48
2016-09-28,216.639999,$41.254,$12.09,$31.9
2016-09-27,215.570007,$41.162,$11.98,$31.6
2016-09-26,214.240005,$41.798,$12.01,$31.8
2016-09-23,215.990005,$41.49,$12.17,$32.12
2016-09-22,217.179993,$41.286,$12.18,$32.39
2016-09-21,215.820007,$41.044,$12.09,$32.11
2016-09-20,213.419998,$40.928,$12,$31.65
2016-09-19,213.410004,$41.268,$12.11,$31.72
2016-09-16,213.369995,$41.08,$12.11,$30.97
2016-09-15,215.279999,$40.084,$12.11,$31.12
2016-09-14,213.149994,$39.282,$12.14,$30.71
2016-09-13,213.229996,$39.21,$12.38,$30.94
2016-09-12,216.339996,$39.66,$12.7,$31.18
2016-09-09,213.279999,$38.894,$12.38,$30.48
2016-09-08,218.509995,$39.472,$12.73,$31.71
2016-09-07,219.009995,$40.342,$12.7,$31.89
2016-09-06,219.029999,$40.566,$12.67,$32.12
2016-09-02,218.369995,$39.556,$12.5,$32.16
2016-09-01,217.389999,$40.154,$12.44,$31.8
2016-08-31,217.380005,$42.402,$12.6,$31.92
2016-08-30,218,$42.268,$12.55,$31.67
2016-08-29,218.360001,$43.04,$12.47,$31.81
2016-08-26,217.289993,$43.998,$12.38,$31.53
2016-08-25,217.699997,$44.192,$12.47,$31.54
2016-08-24,217.850006,$44.524,$12.3,$31.78
2016-08-23,218.970001,$44.968,$12.42,$31.9
2016-08-22,218.529999,$44.586,$12.36,$31.87
2016-08-19,218.539993,$45,$12.39,$31.83
2016-08-18,218.860001,$44.702,$12.33,$31.55
2016-08-17,218.369995,$44.648,$12.39,$31.85
2016-08-16,217.960007,$44.722,$12.34,$31.71
2016-08-15,219.089996,$45.118,$12.43,$31.86
2016-08-12,218.460007,$45.122,$12.33,$31.57
2016-08-11,218.649994,$44.982,$12.31,$31.75
2016-08-10,217.639999,$45.13,$12.25,$31.25
2016-08-09,218.179993,$45.816,$12.31,$31.07
2016-08-08,218.050003,$45.232,$12.18,$30.88
2016-08-05,218.179993,$46.006,$12.19,$30.8
2016-08-04,216.410004,$46.122,$12.08,$30.34
2016-08-03,216.179993,$45.158,$12.13,$30.24
2016-08-02,215.550003,$45.44,$11.94,$29.93
2016-08-01,216.940002,$46.002,$12.48,$31.3
2016-07-29,217.119995,$46.958,$12.66,$31.54
2016-07-28,216.770004,$46.122,$12.71,$30.99
2016-07-27,216.520004,$45.698,$13.84,$32.02
2016-07-26,216.75,$45.902,$13.86,$32.15
2016-07-25,216.649994,$46.002,$13.83,$32.06
2016-07-22,217.240005,$44.454,$13.84,$32.16
2016-07-21,216.270004,$44.1,$13.92,$32.03
2016-07-20,217.089996,$45.672,$13.74,$31.49
2016-07-19,216.190002,$45.052,$13.65,$31.25
2016-07-18,216.410004,$45.25,$13.65,$30.87
2016-07-15,215.830002,$44.08,$13.57,$30.77
2016-07-14,216.119995,$44.306,$13.59,$30.76
2016-07-13,214.919998,$44.506,$13.48,$30.63
2016-07-12,214.949997,$44.93,$13.45,$30.6
2016-07-11,213.399994,$44.956,$13.27,$30.13
2016-07-08,212.649994,$43.356,$13.09,$29.66
2016-07-07,209.529999,$43.188,$12.75,$28.74
