Date,TSLA,F,GM,SPX
07/02/2021,$678.9,$14.93,$58.96,4352.34
07/01/2021,$677.92,$14.91,$59.11,4319.94
06/30/2021,$679.7,$14.86,$59.17,4297.5
06/29/2021,$680.76,$15.01,$58.83,4291.8
06/28/2021,$688.72,$14.96,$58.64,4290.61
06/25/2021,$671.87,$15.19,$60.3,4280.7
06/24/2021,$679.82,$15.26,$60.04,4266.49
06/23/2021,$656.57,$15.42,$60.12,4241.84
06/22/2021,$623.71,$14.91,$59.24,4246.44
06/21/2021,$620.83,$14.78,$59.3,4224.79
06/18/2021,$623.31,$14.52,$58.76,4166.45
06/17/2021,$616.6,$14.77,$60.08,4166.45
06/16/2021,$604.87,$15.02,$61.76,4221.86
06/15/2021,$599.36,$15,$60.81,4223.7
06/14/2021,$617.69,$14.87,$60.79,4246.59
06/11/2021,$609.89,$15.28,$61.49,4255.15
06/10/2021,$610.12,$15.11,$61.34,4247.44
06/09/2021,$598.78,$15.48,$62.77,4239.18
06/08/2021,$603.59,$15.63,$63.92,4219.55
06/07/2021,$605.13,$15.88,$63.23,4227.26
06/04/2021,$599.05,$15.97,$63.37,4226.52
06/03/2021,$572.84,$15.99,$63.46,4229.89
06/02/2021,$605.12,$14.91,$59.65,4192.85
06/01/2021,$623.9,$14.81,$59.65,4208.12
05/28/2021,$625.22,$14.53,$59.31,4202.04
05/27/2021,$630.85,$14.88,$59.77,4204.11
05/26/2021,$619.13,$13.9,$58.08,4200.88
05/25/2021,$604.69,$12.81,$56.76,4195.99
05/24/2021,$606.44,$13.06,$56.6,4188.13
05/21/2021,$580.88,$13.33,$56.72,4197.05
05/20/2021,$586.78,$12.49,$55.51,4155.86
05/19/2021,$563.46,$12.11,$55.53,4159.12
05/18/2021,$577.87,$12.14,$55.89,4115.68
05/17/2021,$576.83,$12.15,$56.04,4127.83
05/14/2021,$589.74,$11.84,$56,4163.29
05/13/2021,$571.69,$11.55,$54.6,4173.85
05/12/2021,$589.89,$11.33,$53.76,4112.5
05/11/2021,$617.2,$11.58,$55.73,4063.04
05/10/2021,$629.04,$11.71,$57.41,4152.1
05/07/2021,$672.37,$11.82,$58.99,4188.43
05/06/2021,$663.54,$11.74,$58.72,4232.6
05/05/2021,$670.94,$11.61,$57.58,4201.62
05/04/2021,$673.6,$11.41,$55.34,4167.59
05/03/2021,$684.9,$11.63,$57.15,4164.66
04/30/2021,$709.44,$11.54,$57.22,4192.66
04/29/2021,$677,$11.26,$56.57,4181.17
04/28/2021,$694.4,$12.43,$58.55,4211.47
04/27/2021,$704.74,$12.49,$58.97,4183.18
04/26/2021,$738.2,$12.27,$58.21,4186.72
04/23/2021,$729.4,$12.22,$57.53,4187.62
04/22/2021,$719.69,$11.94,$56.66,4180.17
04/21/2021,$744.12,$11.73,$57.49,4134.98
04/20/2021,$718.99,$11.45,$55.77,4173.42
04/19/2021,$714.63,$12.11,$57.88,4134.94
04/16/2021,$739.78,$12.23,$58.71,4163.26
04/15/2021,$738.85,$12.24,$58.61,4185.47
04/14/2021,$732.23,$12.24,$58.48,4170.42
04/13/2021,$762.32,$12.2,$58.49,4124.66
04/12/2021,$701.98,$12.38,$59.66,4141.59
04/09/2021,$677.02,$12.51,$60.16,4127.99
04/08/2021,$683.8,$12.51,$60.09,4128.8
04/07/2021,$670.97,$12.73,$60.83,4097.17
04/06/2021,$691.62,$12.92,$61.94,4079.95
04/05/2021,$691.05,$12.7,$61.04,4073.94
04/01/2021,$661.75,$12.17,$57.8,4077.91
03/31/2021,$667.93,$12.25,$57.46,4019.87
03/30/2021,$635.62,$12.46,$58.51,3972.89
03/29/2021,$611.29,$12.15,$55.94,3958.55
03/26/2021,$618.71,$12.3,$56.52,3971.09
03/25/2021,$640.39,$12.32,$56.6,3974.54
03/24/2021,$630.27,$12.14,$55.81,3909.52
03/23/2021,$662.16,$12.21,$56.16,3889.14
03/22/2021,$670,$12.85,$58.1,3910.52
03/19/2021,$654.87,$12.83,$59.82,3940.59
03/18/2021,$653.16,$12.49,$59.27,3913.1
03/17/2021,$701.81,$12.69,$60.05,3915.46
03/16/2021,$676.88,$12.49,$57.12,3974.12
03/15/2021,$707.94,$13.2,$57.94,3962.71
03/12/2021,$693.73,$13.37,$59.26,3968.94
03/11/2021,$699.6,$12.81,$56.33,3943.34
03/10/2021,$668.06,$12.91,$56.83,3939.34
03/09/2021,$673.58,$12.57,$54.65,3898.81
03/08/2021,$563,$12.65,$54.98,3875.44
03/05/2021,$597.95,$12.27,$53.75,3821.35
03/04/2021,$621.44,$11.93,$51.83,3841.94
03/03/2021,$653.2,$12.17,$52.67,3768.47
03/02/2021,$686.44,$12.55,$54.11,3819.72
03/01/2021,$718.43,$11.98,$52.54,3870.29
02/26/2021,$675.5,$11.7,$51.33,3901.82
02/25/2021,$682.22,$11.76,$50.6,3811.15
02/24/2021,$742.02,$12.27,$52.9,3829.34
02/23/2021,$698.84,$11.62,$51.11,3925.43
02/22/2021,$714.5,$11.7,$51.98,3881.37
02/19/2021,$781.3,$11.58,$52.57,3876.5
02/18/2021,$787.38,$11.43,$52.16,3906.71
02/17/2021,$798.15,$11.48,$52.89,3913.97
02/16/2021,$796.22,$11.54,$53.46,3931.33
02/12/2021,$816.12,$11.45,$53.6,3932.59
02/11/2021,$811.66,$11.45,$60.3,3934.83
02/10/2021,$804.82,$11.76,$54.88,3916.38
02/09/2021,$849.46,$11.93,$56.06,3909.88
02/08/2021,$863.42,$11.56,$56.88,3911.23
02/05/2021,$852.23,$11.51,$54.41,3915.59
02/04/2021,$849.99,$11.37,$54.13,3886.83
02/03/2021,$854.69,$11.2,$54.25,3871.74
02/02/2021,$872.79,$10.86,$52.72,3830.17
02/01/2021,$839.81,$10.83,$51.51,3826.31
01/29/2021,$793.53,$10.53,$50.68,3773.86
01/28/2021,$835.43,$10.72,$51.04,3714.24
01/27/2021,$864.16,$10.79,$49.34,3787.38
01/26/2021,$883.09,$11.19,$52.04,3750.77
01/25/2021,$880.8,$11.29,$53.39,3849.62
01/22/2021,$846.64,$11.52,$55.4,3855.36
01/21/2021,$844.99,$11.53,$55.08,3841.47
01/20/2021,$850.45,$10.86,$53.39,3853.07
01/19/2021,$844.55,$10.02,$54.84,3851.85
01/15/2021,$826.16,$9.83,$49.97,3798.91
01/14/2021,$845,$10.17,$51.53,3768.25
01/13/2021,$854.41,$9.78,$48.73,3795.54
01/12/2021,$849.44,$9.78,$47.82,3809.84
01/11/2021,$811.19,$9.3,$45.01,3801.19
01/08/2021,$880.02,$9,$43.06,3799.61
01/07/2021,$816.04,$9.06,$43.32,3824.68
01/06/2021,$755.98,$8.84,$42.98,3803.79
01/05/2021,$735.11,$8.65,$41.66,3748.14
01/04/2021,$729.77,$8.52,$40.51,3726.86
12/31/2020,$705.67,$8.79,$41.64,3700.65
12/30/2020,$694.78,$8.86,$41.84,3756.07
12/29/2020,$665.99,$8.82,$41.57,3732.04
12/28/2020,$663.69,$8.89,$41.66,3727.04
12/24/2020,$661.77,$8.86,$41.58,3735.36
12/23/2020,$645.98,$8.99,$42.45,3703.06
12/22/2020,$640.34,$8.79,$40.9,3690.01
12/21/2020,$649.86,$8.93,$41.21,3687.26
12/18/2020,$695,$8.95,$41.01,3694.92
12/17/2020,$655.9,$9.08,$42.03,3709.41
12/16/2020,$622.77,$9.04,$41.42,3722.48
12/15/2020,$633.25,$9.15,$41.66,3701.17
12/14/2020,$639.83,$8.91,$41.62,3694.62
12/11/2020,$609.99,$9.02,$41.92,3647.49
12/10/2020,$627.07,$9.12,$42.87,3663.46
12/09/2020,$604.48,$9.45,$44.43,3668.1
12/08/2020,$649.88,$9.25,$43.8,3672.82
12/07/2020,$641.76,$9.22,$44.31,3702.25
12/04/2020,$599.04,$9.34,$44.4,3691.96
12/03/2020,$593.38,$9.21,$44.09,3699.12
12/02/2020,$568.82,$9.2,$44.58,3666.72
12/01/2020,$584.76,$9.24,$44.68,3669.01
11/30/2020,$567.6,$9.08,$43.84,3662.45
11/27/2020,$585.76,$9.09,$45.06,3621.63
11/25/2020,$574,$9.08,$45.46,3638.35
11/24/2020,$555.38,$9.45,$46.46,3629.65
11/23/2020,$521.85,$8.86,$44.77,3635.41
11/20/2020,$489.61,$8.74,$43.04,3577.59
11/19/2020,$499.27,$8.82,$42.82,3557.54
11/18/2020,$486.64,$8.82,$42.72,3581.87
11/17/2020,$441.61,$8.75,$41.98,3567.79
11/16/2020,$408.09,$8.8,$42.13,3609.53
11/13/2020,$408.5,$8.54,$41.19,3626.91
11/12/2020,$411.76,$8.21,$39.32,3585.15
11/11/2020,$417.13,$8.33,$40.56,3537.01
11/10/2020,$410.36,$8.38,$41.08,3572.66
11/09/2020,$421.26,$8.2,$38.96,3545.53
11/06/2020,$429.95,$7.79,$37.47,3550.5
11/05/2020,$438.09,$7.99,$37.14,3509.44
11/04/2020,$420.98,$7.64,$35.24,3510.45
11/03/2020,$423.9,$7.88,$35.35,3443.44
11/02/2020,$400.51,$7.71,$34.55,3369.02
10/30/2020,$388.04,$7.73,$34.53,3310.24
10/29/2020,$410.83,$7.9,$34.89,3269.96
10/28/2020,$406.02,$7.7,$34.09,3310.11
10/27/2020,$424.68,$7.92,$34.89,3271.03
10/26/2020,$420.28,$8.03,$35.82,3390.68
10/23/2020,$420.63,$8.16,$36.83,3400.97
10/22/2020,$425.79,$8.21,$37.41,3465.39
10/21/2020,$422.64,$7.85,$35.77,3453.49
10/20/2020,$421.94,$7.74,$35.6,3435.56
10/19/2020,$430.83,$7.59,$33.35,3443.12
10/16/2020,$439.67,$7.67,$33.45,3426.92
10/15/2020,$448.88,$7.62,$32.59,3483.81
10/14/2020,$461.3,$7.57,$31.67,3483.34
10/13/2020,$446.65,$7.76,$31.87,3488.67
10/12/2020,$442.3,$7.67,$32.21,3511.93
10/09/2020,$434,$7.25,$32.16,3534.22
10/08/2020,$425.92,$7.35,$32.21,3477.13
10/07/2020,$425.3,$7.23,$31.62,3446.83
10/06/2020,$413.98,$6.98,$30.4,3419.45
10/05/2020,$425.68,$7.02,$30.96,3360.95
10/02/2020,$415.09,$6.89,$30.46,3408.63
10/01/2020,$448.16,$6.75,$30.38,3348.44
09/30/2020,$429.01,$6.66,$29.59,3380.8
09/29/2020,$419.07,$6.6,$28.74,3363
09/28/2020,$421.2,$6.69,$29.44,3335.47
09/25/2020,$407.34,$6.51,$29,3351.6
09/24/2020,$387.79,$6.66,$29.11,3298.46
09/23/2020,$380.36,$6.64,$29.34,3246.59
09/22/2020,$424.23,$6.78,$29.44,3236.92
09/21/2020,$449.39,$6.87,$30,3315.57
09/18/2020,$442.15,$7.23,$31.5,3281.06
09/17/2020,$423.43,$7.28,$31.92,3319.47
09/16/2020,$441.76,$7.02,$31.79,3357.01
09/15/2020,$449.76,$7.04,$31.58,3385.49
09/14/2020,$419.62,$7.12,$31.18,3401.2
09/11/2020,$372.72,$7,$30.46,3383.54
09/10/2020,$371.34,$6.91,$30.17,3340.97
09/09/2020,$366.28,$6.97,$31.95,3339.19
09/08/2020,$330.21,$7.03,$32.38,3398.96
09/04/2020,$418.32,$6.9,$30,3331.84
09/03/2020,$407,$6.82,$29.48,3426.96
09/02/2020,$447.37,$6.95,$30.96,3455.06
09/01/2020,$475.05,$6.83,$29.79,3580.84
08/31/2020,$498.32,$6.82,$29.63,3526.65
08/28/2020,$442.68,$6.94,$30.02,3500.31
08/27/2020,$447.75,$6.91,$29.69,3508.01
08/26/2020,$430.634,$6.82,$29.48,3484.55
08/25/2020,$404.668,$6.94,$29.69,3478.73
08/24/2020,$402.84,$6.98,$30.31,3443.62
08/21/2020,$409.996,$6.66,$28.56,3431.28
08/20/2020,$400.366,$6.84,$28.83,3397.16
08/19/2020,$375.706,$6.87,$29.22,3385.51
08/18/2020,$377.418,$6.89,$29.84,3374.85
08/17/2020,$367.128,$6.98,$30.01,3389.78
08/14/2020,$330.142,$7.04,$27.86,3381.99
08/13/2020,$324.2,$7.03,$27.55,3372.85
08/12/2020,$310.952,$7.11,$28.03,3373.43
08/11/2020,$274.878,$7.23,$28.52,3380.35
08/10/2020,$283.714,$7.09,$27.98,3333.69
08/07/2020,$290.542,$6.86,$26.72,3360.47
08/06/2020,$297.916,$6.93,$26.62,3351.28
08/05/2020,$297.004,$6.96,$26.33,3349.16
08/04/2020,$297.4,$6.86,$25.8,3327.77
08/03/2020,$297,$6.69,$25.64,3306.51
07/31/2020,$286.152,$6.61,$24.89,3294.61
07/30/2020,$297.498,$6.74,$25.2,3271.12
07/29/2020,$299.822,$6.92,$25.89,3246.22
07/28/2020,$295.298,$7.01,$26.33,3258.44
07/27/2020,$307.92,$6.93,$25.7,3218.44
07/24/2020,$283.4,$6.88,$26.25,3239.41
07/23/2020,$302.614,$6.98,$26.76,3215.63
07/22/2020,$318.466,$6.84,$26.3,3235.66
07/21/2020,$313.672,$6.68,$26.15,3276.02
07/20/2020,$328.6,$6.66,$26.01,3257.3
07/17/2020,$300.168,$6.8,$26.45,3251.84
07/16/2020,$300.128,$6.86,$26.85,3224.73
07/15/2020,$309.202,$6.74,$26.88,3215.57
07/14/2020,$303.36,$6.36,$25.64,3226.56
07/13/2020,$299.412,$6.06,$24.86,3197.52
07/10/2020,$308.93,$6.1,$24.39,3155.22
07/09/2020,$278.856,$5.84,$23.42,3185.04
07/08/2020,$273.176,$6.09,$24.94,3152.05
07/07/2020,$277.972,$6.12,$25.13,3169.94
07/06/2020,$274.316,$6.19,$25.73,3145.32
07/02/2020,$241.732,$6.05,$25.24,3179.72
07/01/2020,$223.926,$5.98,$24.96,3130.01
06/30/2020,$215.962,$6.08,$25.3,3115.86
06/29/2020,$201.87,$6.01,$25.3,3100.29
06/26/2020,$191.948,$5.91,$24.46,3053.24
06/25/2020,$197.196,$6.03,$25.23,3009.05
06/24/2020,$192.17,$5.95,$25.28,3083.76
06/23/2020,$200.356,$6.15,$26.25,3050.33
06/22/2020,$198.864,$6.28,$26.37,3131.29
06/19/2020,$200.18,$6.23,$26.59,3117.86
06/18/2020,$200.792,$6.33,$27.09,3097.74
06/17/2020,$198.358,$6.33,$27.16,3115.34
06/16/2020,$196.426,$6.55,$27.78,3113.49
06/15/2020,$198.18,$6.5,$27.77,3124.74
06/12/2020,$187.056,$6.46,$27.96,3066.59
06/11/2020,$194.568,$6.13,$26.5,3041.31
06/10/2020,$205.01,$6.81,$28.75,3002.1
06/09/2020,$188.134,$7.24,$29.86,3190.14
06/08/2020,$189.984,$7.53,$30.68,3207.18
06/05/2020,$177.132,$7.34,$30.61,3232.39
06/04/2020,$172.876,$6.57,$29.16,3193.93
06/03/2020,$176.592,$6.19,$29.07,3112.35
06/02/2020,$176.312,$5.9,$27.41,3122.87
06/01/2020,$179.62,$5.87,$26.94,3080.82
05/29/2020,$167,$5.71,$25.88,3055.73
05/28/2020,$161.162,$5.85,$26.68,3044.31
05/27/2020,$164.046,$6.03,$27.79,3029.73
05/26/2020,$163.774,$5.84,$27.4,3036.13
05/22/2020,$163.376,$5.65,$25.98,2991.77
05/21/2020,$165.52,$5.63,$25.8,2955.45
05/20/2020,$163.112,$5.49,$25.48,2948.51
05/19/2020,$161.602,$5.3,$24.69,2971.61
05/18/2020,$162.726,$5.31,$24.81,2922.94
05/15/2020,$159.834,$4.9,$22.63,2953.91
05/14/2020,$160.666,$4.89,$22.31,2863.7
05/13/2020,$158.192,$4.72,$21.46,2852.5
05/12/2020,$161.882,$4.98,$22.56,2820
05/11/2020,$162.258,$5.12,$22.8,2870.12
05/08/2020,$163.884,$5.24,$23.93,2930.32
05/07/2020,$156.008,$4.87,$22.44,2929.8
05/06/2020,$156.516,$4.87,$21.89,2881.19
05/05/2020,$153.642,$4.97,$21.26,2848.42
05/04/2020,$152.238,$4.86,$20.75,2868.44
05/01/2020,$140.264,$4.92,$20.9,2842.74
04/30/2020,$156.376,$5.09,$22.29,2830.71
04/29/2020,$160.102,$5.26,$23.78,2912.43
04/28/2020,$153.824,$5.38,$22.18,2939.51
04/27/2020,$159.75,$5.17,$22.45,2863.39
04/24/2020,$145.03,$4.87,$21.95,2878.48
04/23/2020,$141.126,$4.89,$21.52,2836.74
04/22/2020,$146.422,$4.77,$21.3,2797.8
04/21/2020,$137.344,$4.77,$21.24,2799.31
04/20/2020,$149.272,$4.98,$22.38,2736.56
04/17/2020,$150.778,$5.12,$22.48,2823.16
04/16/2020,$149.042,$4.94,$20.87,2874.56
04/15/2020,$145.966,$5.03,$21.66,2799.55
04/14/2020,$141.978,$5.29,$22.98,2783.36
04/13/2020,$130.19,$5.16,$23.01,2846.06
04/09/2020,$114.6,$5.37,$24.06,2761.63
04/08/2020,$109.768,$5.03,$23.13,2789.82
04/07/2020,$109.09,$4.71,$21.3,2749.98
04/06/2020,$103.248,$4.53,$19.55,2659.41
04/03/2020,$96.002,$4.24,$18.04,2663.68
04/02/2020,$90.894,$4.36,$18.19,2488.65
04/01/2020,$96.312,$4.4,$19.26,2526.9
03/31/2020,$104.8,$4.83,$20.78,2470.5
03/30/2020,$100.426,$5.03,$21.32,2584.59
03/27/2020,$102.872,$5.19,$21.38,2626.65
03/26/2020,$105.632,$5.25,$22.56,2541.47
03/25/2020,$107.85,$5.39,$21.49,2630.07
03/24/2020,$101,$4.95,$21.11,2475.56
03/23/2020,$86.858,$4.01,$17.6,2447.33
03/20/2020,$85.506,$4.33,$18.14,2237.4
03/19/2020,$85.528,$4.47,$17.71,2304.92
03/18/2020,$72.244,$4.5,$16.8,2409.39
03/17/2020,$86.04,$5.01,$20.32,2398.1
03/16/2020,$89.014,$5.01,$21,2529.19
03/13/2020,$109.324,$5.63,$24.71,2386.13
03/12/2020,$112.11,$5.35,$23.04,2711.02
03/11/2020,$126.846,$5.9,$26,2480.64
03/10/2020,$129.066,$6.26,$27.12,2741.38
03/09/2020,$121.6,$5.9,$24.69,2882.23
03/06/2020,$140.696,$6.49,$28.69,2746.56
03/05/2020,$144.908,$6.74,$30.1,2972.37
03/04/2020,$149.9,$7.08,$31.53,3023.94
03/03/2020,$149.102,$6.97,$30.52,3130.12
03/02/2020,$148.724,$7.2,$31.42,3003.37
02/28/2020,$133.598,$6.96,$30.5,3090.23
02/27/2020,$135.8,$6.97,$30.71,2954.22
02/26/2020,$155.76,$7.21,$32,2978.76
02/25/2020,$159.982,$7.23,$31.75,3116.39
02/24/2020,$166.758,$7.57,$33.09,3128.21
02/21/2020,$180.2,$7.89,$34.65,3225.89
02/20/2020,$179.882,$8.03,$35.29,3337.75
02/19/2020,$183.484,$8,$34.92,3373.23
02/18/2020,$171.68,$8.06,$34.41,3386.15
02/14/2020,$160.006,$8.1,$34.76,3370.29
02/13/2020,$160.8,$8.25,$35.29,3380.16
02/12/2020,$153.458,$8.24,$35.49,3373.94
02/11/2020,$154.876,$8.1,$35.01,3379.45
02/10/2020,$154.256,$8.06,$34.25,3357.75
02/07/2020,$149.614,$8.11,$33.63,3352.09
02/06/2020,$149.792,$8.25,$34.33,3327.71
02/05/2020,$146.94,$8.31,$35.03,3345.78
02/04/2020,$177.412,$9.18,$34.37,3334.69
02/03/2020,$156,$8.98,$33.72,3297.59
01/31/2020,$130.114,$8.82,$33.39,3248.92
01/30/2020,$128.162,$8.84,$33.33,3225.52
01/29/2020,$116.198,$8.86,$33.6,3283.66
01/28/2020,$113.38,$8.97,$33.64,3273.4
01/27/2020,$111.604,$8.89,$33.41,3276.24
01/24/2020,$112.964,$9,$34.31,3243.63
01/23/2020,$114.44,$9.14,$34.88,3295.47
01/22/2020,$113.912,$9.16,$34.91,3325.54
01/21/2020,$109.44,$9.21,$34.99,3321.75
01/17/2020,$102.1,$9.16,$35.6,3320.79
01/16/2020,$102.698,$9.17,$35.55,3329.62
01/15/2020,$103.7,$9.19,$35.15,3316.81
01/14/2020,$107.584,$9.29,$35.15,3289.29
01/13/2020,$104.972,$9.24,$34.98,3283.15
01/10/2020,$95.63,$9.25,$34.65,3288.13
01/09/2020,$96.268,$9.26,$35.08,3265.35
01/08/2020,$98.428,$9.25,$34.65,3274.7
01/07/2020,$93.812,$9.25,$35.15,3253.05
01/06/2020,$90.308,$9.16,$35.84,3237.18
01/03/2020,$88.602,$9.21,$36.32,3246.28
01/02/2020,$86.052,$9.42,$37.38,3234.85
12/31/2019,$83.666,$9.3,$36.6,3257.85
12/30/2019,$82.94,$9.25,$36.44,3230.78
12/27/2019,$86.076,$9.36,$36.56,3221.29
12/26/2019,$86.188,$9.45,$36.48,3240.02
12/24/2019,$85.05,$9.47,$36.58,3239.91
12/23/2019,$83.844,$9.44,$36.77,3223.38
12/20/2019,$81.118,$9.48,$37.25,3224.01
12/19/2019,$80.808,$9.41,$37.26,3221.22
12/18/2019,$78.63,$9.54,$37.31,3205.37
12/17/2019,$75.798,$9.39,$36.31,3191.14
12/16/2019,$76.3,$9.39,$36.11,3192.52
12/13/2019,$71.678,$9.23,$35.65,3191.45
12/12/2019,$71.936,$9.32,$36.1,3168.8
12/11/2019,$70.54,$9.11,$35.24,3168.57
12/10/2019,$69.768,$9.07,$35.11,3141.63
12/09/2019,$67.906,$9.01,$35.38,3132.52
12/06/2019,$67.178,$9.02,$35.54,3135.96
12/05/2019,$66.074,$8.93,$35.31,3145.91
12/04/2019,$66.606,$8.95,$35.8,3117.43
12/03/2019,$67.24,$8.89,$35.53,3112.76
12/02/2019,$66.974,$9.01,$35.88,3093.2
11/29/2019,$65.988,$9.06,$36,3113.87
11/27/2019,$66.258,$9.1,$36.14,3140.98
11/26/2019,$65.784,$9.01,$35.91,3153.63
11/25/2019,$67.268,$9,$35.81,3140.52
11/22/2019,$66.608,$8.89,$35.33,3133.64
11/21/2019,$70.966,$8.71,$34.67,3110.29
11/20/2019,$70.444,$8.73,$35.28,3103.54
11/19/2019,$71.904,$8.9,$36.38,3108.46
11/18/2019,$69.998,$8.95,$36.62,3120.18
11/15/2019,$70.434,$8.95,$36.89,3122.03
11/14/2019,$69.87,$8.79,$36.8,3120.46
11/13/2019,$69.222,$8.81,$37.19,3096.63
11/12/2019,$69.986,$9.04,$38.59,3094.04
11/11/2019,$69.018,$9.08,$38.72,3091.84
11/08/2019,$67.428,$9.04,$38.67,3087.01
11/07/2019,$67.108,$8.89,$38.49,3093.08
11/06/2019,$65.316,$8.92,$38.42,3085.18
11/05/2019,$63.444,$9.02,$38.23,3076.78
11/04/2019,$63.494,$9,$38.39,3074.62
11/01/2019,$62.662,$8.89,$37.97,3078.27
10/31/2019,$62.984,$8.59,$37.16,3066.91
10/30/2019,$63.002,$8.54,$37.91,3037.56
10/29/2019,$63.244,$8.64,$38.21,3046.77
10/28/2019,$65.542,$8.61,$36.64,3036.89
10/25/2019,$65.626,$8.72,$36.74,3039.42
10/24/2019,$59.936,$8.6,$35.82,3022.55
10/23/2019,$50.936,$9.21,$36.61,3010.29
10/22/2019,$51.116,$9.07,$36.31,3004.52
10/21/2019,$50.7,$9.03,$35.93,2995.99
10/18/2019,$51.39,$9.29,$36.17,3006.72
10/17/2019,$52.394,$9.11,$36.19,2986.2
10/16/2019,$51.95,$9.07,$36.65,2997.95
10/15/2019,$51.578,$9.07,$36.26,2989.69
10/14/2019,$51.392,$8.82,$35.5,2995.68
10/11/2019,$49.578,$8.78,$35.57,2966.15
10/10/2019,$48.948,$8.62,$34.66,2970.27
10/09/2019,$48.906,$8.56,$34.14,2938.13
10/08/2019,$48.01,$8.54,$33.88,2919.4
10/07/2019,$47.544,$8.68,$34.75,2893.06
10/04/2019,$46.286,$8.74,$34.91,2938.79
10/03/2019,$46.606,$8.71,$34.98,2952.01
10/02/2019,$48.626,$8.61,$34.68,2910.63
10/01/2019,$48.938,$8.9,$36.11,2887.61
09/30/2019,$48.174,$9.16,$37.48,2940.25
09/27/2019,$48.426,$9.08,$37.42,2976.74
09/26/2019,$48.512,$9.14,$37.61,2961.79
09/25/2019,$45.74,$9.2,$37.11,2977.62
09/24/2019,$44.642,$9.11,$36.77,2984.87
09/23/2019,$48.246,$9.16,$37.24,2966.6
09/20/2019,$48.124,$9.17,$37.37,2991.78
09/19/2019,$49.32,$9.1,$37.78,2992.07
09/18/2019,$48.698,$9.25,$38.18,3006.79
09/17/2019,$48.958,$9.28,$38.29,3006.73
09/16/2019,$48.562,$9.3,$37.21,3005.7
09/13/2019,$49.04,$9.45,$38.86,2997.96
09/12/2019,$49.174,$9.41,$39.07,3007.39
09/11/2019,$49.42,$9.42,$39.46,3009.57
09/10/2019,$47.108,$9.42,$39.58,3000.93
09/09/2019,$46.358,$9.54,$39.58,2979.39
09/06/2019,$45.49,$9.34,$38.78,2978.43
09/05/2019,$45.916,$9.34,$38.73,2978.71
09/04/2019,$44.136,$9.2,$38.24,2976
09/03/2019,$45.002,$9.1,$36.91,2937.78
08/30/2019,$45.122,$9.17,$37.09,2906.27
08/29/2019,$44.342,$9.12,$36.91,2926.46
08/28/2019,$43.118,$9,$36.44,2924.58
08/27/2019,$42.816,$8.76,$35.89,2887.94
08/26/2019,$43,$8.82,$36.25,2869.16
08/23/2019,$42.28,$8.77,$36.06,2878.38
08/22/2019,$44.43,$9.04,$37.26,2847.11
08/21/2019,$44.166,$9.04,$37.12,2922.95
08/20/2019,$45.172,$8.96,$36.96,2924.43
08/19/2019,$45.366,$9.03,$37.36,2900.51
08/16/2019,$43.988,$8.96,$37,2923.65
08/15/2019,$43.128,$8.86,$36.47,2888.68
08/14/2019,$43.924,$9,$37.19,2847.6
08/13/2019,$47,$9.26,$39.01,2840.6
08/12/2019,$45.802,$9.29,$38.86,2926.32
08/09/2019,$47.002,$9.45,$39.61,2883.09
08/08/2019,$47.66,$9.56,$40.1,2918.65
08/07/2019,$46.684,$9.53,$39.39,2938.09
08/06/2019,$46.15,$9.48,$39.08,2883.98
08/05/2019,$45.664,$9.23,$39.01,2881.77
08/02/2019,$46.868,$9.28,$39.78,2844.74
08/01/2019,$46.77,$9.31,$40.15,2932.05
07/31/2019,$48.322,$9.53,$40.34,2953.56
07/30/2019,$48.452,$9.55,$40.43,2980.38
07/29/2019,$47.154,$9.6,$40.68,3013.18
07/26/2019,$45.608,$9.57,$40.77,3020.97
07/25/2019,$45.764,$9.56,$40.75,3025.86
07/24/2019,$52.976,$10.33,$40.88,3003.67
07/23/2019,$52.034,$10.17,$40.71,3019.56
07/22/2019,$51.136,$10.02,$39.86,3005.47
07/19/2019,$51.636,$10.2,$39.48,2985.03
07/18/2019,$50.708,$10.26,$39.12,2976.61
07/17/2019,$50.972,$10.33,$39.16,2995.11
07/16/2019,$50.476,$10.51,$39.43,2984.42
07/15/2019,$50.7,$10.42,$39.36,3004.04
07/12/2019,$49.016,$10.49,$39.21,3014.3
07/11/2019,$47.72,$10.19,$38.43,3013.77
07/10/2019,$47.784,$10.11,$38.1,2999.91
07/09/2019,$46.012,$10.14,$38.08,2993.07
07/08/2019,$46.068,$10.2,$38.23,2979.63
07/05/2019,$46.62,$10.2,$38.5,2975.95
07/03/2019,$46.98,$10.2,$38.16,2990.41
07/02/2019,$44.91,$10.12,$38.34,2995.82
07/01/2019,$45.434,$10.15,$38.75,2973.01
06/28/2019,$44.692,$10.23,$38.53,2964.33
06/27/2019,$44.568,$10.2,$38.32,2941.76
06/26/2019,$43.854,$9.91,$38.13,2924.92
06/25/2019,$43.952,$9.84,$37.68,2913.78
06/24/2019,$44.728,$9.95,$36.96,2917.38
06/21/2019,$44.372,$9.99,$36.92,2945.35
06/20/2019,$43.924,$10.04,$36.96,2950.46
06/19/2019,$45.286,$10.04,$36.78,2954.18
06/18/2019,$44.948,$10.1,$36.7,2926.46
06/17/2019,$45.006,$10.05,$36.14,2917.75
06/14/2019,$42.984,$9.98,$35.66,2889.67
06/13/2019,$42.782,$10.06,$36.02,2886.98
06/12/2019,$41.852,$9.85,$35.67,2891.64
06/11/2019,$43.42,$9.92,$36.2,2879.84
06/10/2019,$42.576,$9.82,$36.01,2885.72
06/07/2019,$40.9,$9.76,$35.49,2886.73
06/06/2019,$41.19,$9.75,$35.19,2873.34
06/05/2019,$39.318,$9.78,$35.84,2843.49
06/04/2019,$38.72,$9.92,$35.73,2826.15
06/03/2019,$35.794,$9.61,$33.7,2803.27
05/31/2019,$37.032,$9.52,$33.34,2744.45
05/30/2019,$37.644,$9.74,$34.82,2752.06
05/29/2019,$37.972,$9.71,$34.79,2788.86
05/28/2019,$37.74,$9.78,$34.85,2783.02
05/24/2019,$38.126,$9.83,$35.12,2802.39
05/23/2019,$39.098,$9.85,$35.13,2826.06
05/22/2019,$38.546,$9.97,$35.55,2822.24
05/21/2019,$41.016,$10.24,$37.13,2856.27
05/20/2019,$41.072,$10.28,$36.97,2864.36
05/17/2019,$42.206,$10.29,$37,2840.23
05/16/2019,$45.666,$10.4,$37.38,2859.53
05/15/2019,$46.39,$10.36,$37.37,2876.32
05/14/2019,$46.462,$10.24,$37.04,2850.96
05/13/2019,$45.402,$10.08,$36.56,2834.41
05/10/2019,$47.904,$10.38,$37.89,2811.87
05/09/2019,$48.396,$10.2,$37.58,2881.4
05/08/2019,$48.968,$10.34,$38.21,2870.72
05/07/2019,$49.412,$10.38,$38.53,2879.42
05/06/2019,$51.068,$10.37,$38.09,2884.05
05/03/2019,$51.006,$10.41,$38.8,2932.47
05/02/2019,$48.82,$10.34,$38.25,2945.64
05/01/2019,$46.802,$10.3,$38.75,2917.52
04/30/2019,$47.738,$10.45,$38.95,2923.73
04/29/2019,$48.294,$10.32,$40.01,2945.83
04/26/2019,$47.028,$10.41,$39.68,2943.03
04/25/2019,$49.526,$9.4,$39.11,2939.88
04/24/2019,$51.732,$9.57,$39.72,2926.17
04/23/2019,$52.78,$9.5,$39.83,2927.25
04/22/2019,$52.55,$9.5,$39.5,2933.68
04/18/2019,$54.652,$9.55,$40.3,2907.97
04/17/2019,$54.246,$9.5,$39.99,2905.03
04/16/2019,$54.672,$9.36,$39.66,2900.45
04/15/2019,$53.276,$9.33,$39.57,2907.06
04/12/2019,$53.54,$9.45,$39.71,2905.58
04/11/2019,$53.684,$9.39,$39.33,2907.41
04/10/2019,$55.212,$9.33,$39.25,2888.32
04/09/2019,$54.462,$9.21,$38.86,2888.21
04/08/2019,$54.64,$9.3,$39.06,2878.2
04/05/2019,$54.992,$9.25,$38.94,2895.77
04/04/2019,$53.556,$9.24,$38.79,2892.74
04/03/2019,$58.362,$9.13,$38.39,2879.39
04/02/2019,$57.176,$9.01,$37.81,2873.4
04/01/2019,$57.836,$8.98,$37.76,2867.24
03/29/2019,$55.972,$8.78,$37.1,2867.19
03/28/2019,$55.724,$8.77,$37.06,2834.4
03/27/2019,$54.966,$8.62,$36.61,2815.44
03/26/2019,$53.554,$8.76,$36.87,2805.37
03/25/2019,$52.084,$8.51,$36.75,2818.46
03/22/2019,$52.906,$8.54,$36.44,2798.36
03/21/2019,$54.804,$8.69,$37.35,2800.71
03/20/2019,$54.72,$8.51,$37,2854.88
03/19/2019,$53.494,$8.7,$38.27,2824.23
03/18/2019,$53.898,$8.57,$37.98,2832.57
03/15/2019,$55.086,$8.43,$38.07,2832.94
03/14/2019,$57.992,$8.41,$38.03,2822.48
03/13/2019,$57.792,$8.53,$38.8,2808.48
03/12/2019,$56.672,$8.57,$38.62,2810.92
03/11/2019,$58.184,$8.61,$38.62,2791.52
03/08/2019,$56.828,$8.42,$37.99,2783.3
03/07/2019,$55.318,$8.48,$38.04,2743.07
03/06/2019,$55.248,$8.58,$38.67,2748.93
03/05/2019,$55.308,$8.77,$39.28,2771.45
03/04/2019,$57.072,$8.81,$39.25,2789.65
03/01/2019,$58.958,$8.79,$39.53,2792.81
02/28/2019,$63.976,$8.77,$39.48,2803.69
02/27/2019,$62.948,$8.78,$40,2784.49
02/26/2019,$59.572,$8.88,$40.11,2792.38
02/25/2019,$59.754,$8.76,$40.14,2793.9
02/22/2019,$58.942,$8.71,$39.99,2796.11
02/21/2019,$58.246,$8.71,$39.62,2792.67
02/20/2019,$60.512,$8.94,$39.95,2774.88
02/19/2019,$61.128,$8.83,$39.53,2784.7
02/15/2019,$61.576,$8.54,$39.09,2779.76
02/14/2019,$60.754,$8.42,$38.89,2775.6
02/13/2019,$61.634,$8.41,$39,2745.73
02/12/2019,$62.362,$8.46,$39.03,2753.03
02/11/2019,$62.568,$8.33,$38.63,2744.73
02/08/2019,$61.16,$8.39,$38.7,2709.8
02/07/2019,$61.502,$8.31,$38.65,2707.88
02/06/2019,$63.444,$8.72,$39.91,2706.05
02/05/2019,$64.27,$8.75,$39.3,2731.61
02/04/2019,$62.578,$8.7,$38.93,2737.7
02/01/2019,$62.442,$8.72,$38.78,2724.87
01/31/2019,$61.404,$8.8,$39.02,2706.53
01/30/2019,$61.754,$8.71,$39.09,2704.1
01/29/2019,$59.492,$8.76,$38.47,2681.05
01/28/2019,$59.276,$8.66,$38.46,2640
01/25/2019,$59.408,$8.86,$38.64,2643.85
01/24/2019,$58.302,$8.6,$38.16,2664.76
01/23/2019,$57.518,$8.34,$37.67,2642.33
01/22/2019,$59.784,$8.5,$38.15,2638.7
01/18/2019,$60.452,$8.58,$38.61,2632.9
01/17/2019,$69.462,$8.36,$38.26,2670.71
01/16/2019,$69.21,$8.29,$37.67,2635.96
01/15/2019,$68.886,$8.84,$37.55,2616.1
01/14/2019,$66.88,$8.99,$37.66,2610.3
01/11/2019,$69.452,$8.82,$37.18,2582.61
01/10/2019,$68.994,$8.67,$34.73,2596.26
01/09/2019,$67.706,$8.72,$35.18,2596.64
01/08/2019,$67.07,$8.37,$34.81,2584.96
01/07/2019,$66.992,$8.29,$34.36,2574.41
01/04/2019,$63.538,$8.08,$33.33,2549.69
01/03/2019,$60.072,$7.78,$32.25,2531.94
01/02/2019,$62.024,$7.9,$33.64,2447.89
12/31/2018,$66.56,$7.65,$33.45,2510.03
12/28/2018,$66.774,$7.81,$33.92,2506.85
12/27/2018,$63.226,$7.85,$33.96,2485.74
12/26/2018,$65.218,$7.85,$33.52,2488.83
12/24/2018,$59.078,$7.63,$32.37,2467.7
12/21/2018,$63.954,$8.05,$32.98,2351.1
12/20/2018,$63.076,$8.26,$34.27,2416.62
12/19/2018,$66.594,$8.32,$34.93,2467.42
12/18/2018,$67.406,$8.47,$34.9,2506.96
12/17/2018,$69.684,$8.5,$34.66,2546.16
12/14/2018,$73.142,$8.52,$35.1,2545.94
12/13/2018,$75.358,$8.5,$35.11,2599.95
12/12/2018,$73.32,$8.64,$35.68,2650.54
12/11/2018,$73.352,$8.54,$34.69,2651.07
12/10/2018,$73.03,$8.52,$34.42,2636.78
12/07/2018,$71.593,$8.82,$34.69,2637.72
12/06/2018,$72.612,$9.02,$35.7,2633.08
12/04/2018,$71.94,$9.18,$36.52,2695.95
12/03/2018,$71.698,$9.6,$38.45,2700.06
11/30/2018,$70.096,$9.41,$37.95,2790.37
11/29/2018,$68.234,$9.37,$36.76,2760.17
11/28/2018,$69.574,$9.41,$36.95,2737.76
11/27/2018,$68.784,$9.28,$36.69,2743.79
11/26/2018,$69.2,$9.4,$37.65,2682.17
11/23/2018,$65.166,$9.13,$35.93,2673.45
11/21/2018,$67.638,$9.11,$35.55,2632.56
11/20/2018,$69.498,$9.06,$35.09,2649.93
11/19/2018,$70.694,$9.25,$35.68,2641.89
11/16/2018,$70.862,$9.05,$35.75,2690.73
11/15/2018,$69.688,$9.31,$35.55,2736.27
11/14/2018,$68.8,$9.54,$35.23,2730.2
11/13/2018,$67.746,$9.54,$35.93,2701.58
11/12/2018,$66.256,$9.49,$35.69,2722.18
11/09/2018,$70.102,$9.38,$35.7,2726.22
11/08/2018,$70.28,$9.46,$36.57,2781.01
11/07/2018,$69.632,$9.6,$36.88,2806.83
11/06/2018,$68.212,$9.54,$36.46,2813.89
11/05/2018,$68.28,$9.53,$36.25,2755.45
11/02/2018,$69.282,$9.38,$36.03,2738.31
11/01/2018,$68.856,$9.29,$36.47,2723.06
10/31/2018,$67.464,$9.55,$36.59,2740.37
10/30/2018,$65.98,$9.46,$33.54,2711.74
10/29/2018,$66.97,$9.28,$33.13,2682.63
10/26/2018,$66.18,$8.98,$32.65,2641.25
10/25/2018,$62.972,$8.99,$32,2658.69
10/24/2018,$57.7,$8.18,$30.56,2705.57
10/23/2018,$58.828,$8.59,$32.12,2656.1
10/22/2018,$52.19,$8.41,$31.34,2740.69
10/19/2018,$52,$8.5,$31.2,2755.88
10/18/2018,$52.782,$8.51,$31.08,2767.78
10/17/2018,$54.356,$8.76,$31.93,2768.78
10/16/2018,$55.318,$8.8,$32.34,2809.21
10/15/2018,$51.918,$8.81,$32.12,2809.92
10/12/2018,$51.756,$8.64,$31.79,2750.79
10/11/2018,$50.446,$8.81,$32.31,2767.13
10/10/2018,$51.376,$8.82,$32.6,2728.37
10/09/2018,$52.56,$8.95,$32.65,2785.68
10/08/2018,$50.112,$9.26,$34.25,2880.34
10/05/2018,$52.39,$9.12,$34.12,2884.43
10/04/2018,$56.366,$9.15,$34.25,2885.57
10/03/2018,$58.96,$9.13,$34,2901.61
10/02/2018,$60.204,$9.2,$33.3,2925.51
10/01/2018,$62.14,$9.32,$34.2,2923.43
09/28/2018,$52.954,$9.25,$33.67,2924.59
09/27/2018,$61.504,$9.23,$33.67,2913.98
09/26/2018,$61.916,$9.27,$33.73,2914
09/25/2018,$60.198,$9.39,$33.55,2905.97
09/24/2018,$59.936,$9.59,$34.75,2915.56
09/21/2018,$59.82,$9.85,$35.32,2919.37
09/20/2018,$59.666,$9.81,$36.08,2929.67
09/19/2018,$59.804,$9.78,$35.73,2930.75
09/18/2018,$56.992,$9.58,$35.1,2907.95
09/17/2018,$58.968,$9.55,$35.02,2904.31
09/14/2018,$59.04,$9.45,$34.63,2888.8
09/13/2018,$57.892,$9.37,$34.25,2904.98
09/12/2018,$58.108,$9.34,$34.06,2904.18
09/11/2018,$55.888,$9.31,$33.77,2888.92
09/10/2018,$57.1,$9.38,$33.87,2887.89
09/07/2018,$52.648,$9.27,$33.91,2877.13
09/06/2018,$56.19,$9.43,$34.38,2871.68
09/05/2018,$56.148,$9.49,$35.29,2878.05
09/04/2018,$57.79,$9.47,$35.6,2888.6
08/31/2018,$60.332,$9.48,$36.05,2896.72
08/30/2018,$60.63,$9.7,$36.36,2901.52
08/29/2018,$61.002,$9.97,$37.12,2901.13
08/28/2018,$62.372,$10.01,$37.32,2914.04
08/27/2018,$63.854,$9.99,$37.69,2897.52
08/24/2018,$64.564,$9.68,$35.95,2896.74
08/23/2018,$64.02,$9.63,$35.67,2874.69
08/22/2018,$64.328,$9.69,$36.13,2856.98
08/21/2018,$64.38,$9.86,$36.91,2861.82
08/20/2018,$61.688,$9.72,$36.77,2862.96
08/17/2018,$61.1,$9.55,$36.38,2857.05
08/16/2018,$67.09,$9.51,$36.29,2850.13
08/15/2018,$67.738,$9.45,$35.94,2840.69
08/14/2018,$69.528,$9.5,$36.2,2818.37
08/13/2018,$71.282,$9.46,$36.16,2839.96
08/10/2018,$71.098,$9.74,$36.59,2821.93
08/09/2018,$70.49,$9.91,$37.51,2833.28
08/08/2018,$74.068,$10.05,$37.66,2853.58
08/07/2018,$75.914,$10.08,$37.58,2857.7
08/06/2018,$68.398,$10.03,$37.6,2858.45
08/03/2018,$69.634,$10.04,$37.73,2850.4
08/02/2018,$69.908,$9.92,$36.62,2840.35
08/01/2018,$60.168,$9.9,$37.14,2827.22
07/31/2018,$59.628,$10.04,$37.91,2813.36
07/30/2018,$58.034,$10.07,$37.67,2816.29
07/27/2018,$59.436,$9.93,$37.53,2802.6
07/26/2018,$61.33,$9.89,$36.75,2818.82
07/25/2018,$61.748,$10.52,$37.65,2837.44
07/24/2018,$59.486,$10.57,$39.48,2846.07
07/23/2018,$60.64,$10.47,$39.27,2820.4
07/20/2018,$62.716,$10.56,$39.4,2806.98
07/19/2018,$64.046,$10.82,$39.31,2801.83
07/18/2018,$64.77,$10.87,$39.87,2804.49
07/17/2018,$64.538,$10.86,$40.03,2815.62
07/16/2018,$62.02,$10.85,$39.56,2809.55
07/13/2018,$63.774,$10.98,$39.36,2798.43
07/12/2018,$63.342,$11.05,$39.27,2801.31
07/11/2018,$63.792,$11.07,$39.3,2798.29
07/10/2018,$64.494,$11.25,$40.09,2774.02
07/09/2018,$63.702,$11.2,$39.75,2793.84
07/06/2018,$61.78,$11.06,$39.16,2784.17
07/05/2018,$61.832,$11.05,$39.47,2759.82
07/03/2018,$62.172,$10.99,$38.97,2736.61
07/02/2018,$67.014,$11.1,$39.5,2713.22
06/29/2018,$68.59,$11.07,$39.4,2726.71
06/28/2018,$69.986,$11.28,$40.52,2718.37
06/27/2018,$68.9,$11.42,$40.37,2716.31
06/26/2018,$68.4,$11.52,$41.01,2699.63
06/25/2018,$66.602,$11.5,$40.61,2723.06
06/22/2018,$66.726,$11.65,$41.25,2717.07
06/21/2018,$69.502,$11.71,$41.12,2754.88
06/20/2018,$72.444,$11.87,$41.95,2749.76
06/19/2018,$70.51,$11.89,$42.26,2767.32
06/18/2018,$74.166,$11.99,$43.95,2762.59
06/15/2018,$71.634,$11.88,$43.91,2773.75
06/14/2018,$71.544,$11.89,$43.57,2779.66
06/13/2018,$68.956,$12.02,$44.45,2782.49
06/12/2018,$68.554,$12.11,$44.18,2775.63
06/11/2018,$66.42,$12.03,$44.85,2786.85
06/08/2018,$63.532,$12.1,$44.25,2782
06/07/2018,$63.218,$12.03,$44.01,2779.03
06/06/2018,$63.9,$11.97,$43.93,2770.37
06/05/2018,$58.226,$11.83,$43.41,2772.35
06/04/2018,$59.348,$11.74,$43.78,2748.8
06/01/2018,$58.364,$11.71,$43.2,2746.87
05/31/2018,$56.946,$11.55,$42.7,2734.62
05/30/2018,$58.344,$11.55,$37.83,2705.27
05/29/2018,$56.752,$11.44,$37.38,2724.01
05/25/2018,$55.77,$11.51,$38.3,2689.86
05/24/2018,$55.57,$11.62,$38.39,2721.33
05/23/2018,$55.814,$11.44,$37.85,2727.76
05/22/2018,$55.002,$11.52,$38.28,2733.29
05/21/2018,$56.898,$11.51,$38.09,2724.44
05/18/2018,$55.364,$11.33,$37.79,2733.01
05/17/2018,$56.908,$11.46,$38.3,2712.97
05/16/2018,$57.296,$11.4,$38.03,2720.13
05/15/2018,$56.836,$11.22,$36.94,2722.46
05/14/2018,$58.394,$11.18,$36.63,2711.45
05/11/2018,$60.212,$11.19,$36.89,2730.13
05/10/2018,$61.004,$11.21,$37.16,2727.72
05/09/2018,$61.37,$11.06,$36.27,2723.07
05/08/2018,$60.394,$11.27,$36.33,2697.79
05/07/2018,$60.554,$11.34,$36.34,2671.92
05/04/2018,$58.818,$11.36,$36.71,2672.63
05/03/2018,$56.89,$11.2,$36.15,2663.42
05/02/2018,$60.23,$11.21,$36.2,2629.73
05/01/2018,$59.984,$11.26,$36.42,2635.67
04/30/2018,$58.78,$11.24,$36.74,2654.8
04/27/2018,$58.815,$11.49,$37.65,2648.05
04/26/2018,$57.096,$11.43,$38.25,2669.91
04/25/2018,$56.138,$11.11,$38.11,2666.94
04/24/2018,$56.692,$10.96,$37.93,2639.4
04/23/2018,$56.674,$11.04,$37.69,2634.56
04/20/2018,$58.048,$10.82,$37.61,2670.29
04/19/2018,$60.016,$10.96,$37.77,2670.14
04/18/2018,$58.67,$11.33,$38.93,2693.13
04/17/2018,$57.538,$11.38,$39.22,2708.64
04/16/2018,$58.242,$11.38,$39.17,2706.39
04/13/2018,$60.068,$11.28,$38.73,2677.84
04/12/2018,$58.816,$11.31,$38.83,2656.3
04/11/2018,$60.186,$11.43,$39,2663.99
04/10/2018,$60.94,$11.45,$39.07,2642.19
04/09/2018,$57.932,$11.25,$37.83,2656.87
04/06/2018,$59.86,$11.18,$37.68,2613.16
04/05/2018,$61.144,$11.35,$38,2604.47
04/04/2018,$57.388,$11.33,$38.03,2662.84
04/03/2018,$53.506,$11.15,$36.94,2644.69
04/02/2018,$50.496,$10.86,$35.76,2614.45
03/29/2018,$53.226,$11.08,$36.34,2581.88
03/28/2018,$51.556,$10.86,$35.47,2640.87
03/27/2018,$55.836,$10.83,$34.87,2605
03/26/2018,$60.836,$10.83,$35.99,2612.62
03/23/2018,$60.308,$10.56,$35.17,2658.55
03/22/2018,$61.82,$10.75,$36.35,2588.26
03/21/2018,$63.306,$11.1,$37.58,2643.69
03/20/2018,$62.11,$10.99,$36.89,2711.93
03/19/2018,$62.712,$11.01,$37.01,2716.94
03/16/2018,$64.27,$11.15,$37.94,2712.92
03/15/2018,$65.12,$11.07,$37.85,2752.01
03/14/2018,$65.326,$11.02,$37.69,2747.33
03/13/2018,$68.368,$10.78,$38.01,2749.48
03/12/2018,$69.102,$10.81,$37.83,2765.31
03/09/2018,$65.434,$10.73,$37.84,2783.02
03/08/2018,$65.82,$10.61,$37.84,2786.57
03/07/2018,$66.46,$10.63,$37.74,2738.97
03/06/2018,$65.64,$10.63,$37.93,2726.8
03/05/2018,$66.67,$10.58,$37.74,2728.12
03/02/2018,$67.024,$10.4,$37.43,2720.94
03/01/2018,$66.186,$10.29,$37.79,2691.25
02/28/2018,$68.612,$10.61,$39.35,2677.67
02/27/2018,$70.198,$10.61,$40.17,2713.83
02/26/2018,$71.484,$10.89,$41.54,2744.28
02/23/2018,$70.41,$10.7,$40.91,2779.6
02/22/2018,$69.234,$10.63,$40.91,2747.3
02/21/2018,$66.66,$10.6,$40.56,2703.96
02/20/2018,$66.954,$10.63,$40.77,2701.33
02/16/2018,$67.098,$10.61,$41.09,2716.26
02/15/2018,$66.813,$10.76,$41.85,2732.22
02/14/2018,$64.462,$10.74,$41.81,2731.2
02/13/2018,$64.732,$10.59,$41.4,2698.63
02/12/2018,$63.146,$10.7,$42,2662.94
02/09/2018,$62.084,$10.53,$41.46,2656
02/08/2018,$63.046,$10.43,$40.75,2619.55
02/07/2018,$69,$10.76,$42.39,2581
02/06/2018,$66.794,$10.76,$41.86,2681.66
02/05/2018,$66.626,$10.24,$39.54,2695.14
02/02/2018,$68.75,$10.71,$41,2648.94
02/01/2018,$69.85,$10.92,$42.43,2762.13
01/31/2018,$70.862,$10.97,$42.41,2821.98
01/30/2018,$69.164,$11.06,$42.7,2823.81
01/29/2018,$69.906,$11.12,$43.02,2822.43
01/26/2018,$68.57,$11.65,$43.49,2853.53
01/25/2018,$67.528,$11.57,$43.16,2872.87
01/24/2018,$69.178,$12.05,$44.16,2839.25
01/23/2018,$70.558,$11.96,$43.38,2837.54
01/22/2018,$70.312,$12.02,$43.29,2839.13
01/19/2018,$70.004,$12,$43.15,2832.97
01/18/2018,$68.914,$12.07,$43.86,2810.3
01/17/2018,$69.432,$12.18,$44.03,2798.03
01/16/2018,$68.012,$13.1,$44.19,2802.56
01/12/2018,$67.244,$13.23,$44.07,2776.42
01/11/2018,$67.59,$13.16,$44.19,2786.24
01/10/2018,$66.96,$13.03,$43,2767.56
01/09/2018,$66.738,$13.08,$44.05,2748.23
01/08/2018,$67.282,$13.15,$44.22,2751.29
01/05/2018,$63.316,$13.2,$44.01,2747.71
01/04/2018,$62.924,$12.98,$44.14,2743.15
01/03/2018,$63.45,$12.76,$42.82,2723.99
01/02/2018,$64.106,$12.66,$41.8,2713.06
12/29/2017,$62.27,$12.49,$40.99,2695.81
12/28/2017,$63.072,$12.58,$41.38,2673.61
12/27/2017,$62.328,$12.5,$41.31,2687.54
12/26/2017,$63.458,$12.6,$41.8,2682.62
12/22/2017,$65.04,$12.58,$42.02,2680.5
12/21/2017,$66.332,$12.63,$42.16,2683.34
12/20/2017,$65.796,$12.72,$42.52,2684.57
12/19/2017,$66.22,$12.69,$42.49,2679.25
12/18/2017,$67.774,$12.66,$42.15,2681.47
12/15/2017,$68.69,$12.58,$40.95,2690.16
12/14/2017,$67.578,$12.46,$40.81,2675.81
12/13/2017,$67.806,$12.63,$41.4,2652.01
12/12/2017,$68.206,$12.6,$41.53,2662.85
12/11/2017,$65.782,$12.58,$41.67,2664.11
12/08/2017,$63.026,$12.61,$42.02,2659.99
12/07/2017,$62.248,$12.53,$42.02,2651.5
12/06/2017,$62.652,$12.38,$42.15,2636.98
12/05/2017,$60.74,$12.43,$42.8,2629.27
12/04/2017,$61.04,$12.63,$43.05,2629.57
12/01/2017,$61.306,$12.58,$35.55,2639.44
11/30/2017,$61.77,$12.52,$43.09,2642.22
11/29/2017,$61.508,$12.56,$43.81,2647.58
11/28/2017,$63.51,$12.21,$44.92,2626.07
11/27/2017,$63.362,$12.11,$44.17,2627.04
11/24/2017,$63.11,$12.1,$44.46,2601.42
11/22/2017,$62.52,$12.07,$44.29,2602.42
11/21/2017,$63.562,$12.12,$44.97,2597.08
11/20/2017,$61.748,$12.13,$44.88,2599.03
11/17/2017,$63.01,$12.01,$43.88,2582.14
11/16/2017,$62.5,$12.04,$43.6,2578.85
11/15/2017,$62.26,$12,$42.86,2585.64
11/14/2017,$61.74,$12.02,$43,2564.62
11/13/2017,$63.08,$12.16,$43.57,2578.87
11/10/2017,$60.598,$12.01,$42.66,2584.84
11/09/2017,$60.598,$12.04,$42.11,2582.3
11/08/2017,$60.878,$12.06,$42.11,2584.62
11/07/2017,$61.21,$12.16,$41.7,2594.38
11/06/2017,$60.556,$12.33,$42.14,2590.64
11/03/2017,$61.218,$12.36,$42.34,2591.13
11/02/2017,$59.852,$12.42,$42.6,2587.84
11/01/2017,$64.216,$12.35,$43.13,2579.85
10/31/2017,$66.306,$12.27,$42.98,2579.36
10/30/2017,$64.016,$12.1,$43.37,2575.26
10/27/2017,$64.174,$12.06,$44.64,2572.83
10/26/2017,$65.234,$12.27,$45.25,2581.07
10/25/2017,$65.168,$12.04,$45.12,2560.4
10/24/2017,$67.468,$12.19,$46.48,2557.15
10/23/2017,$67.404,$12.04,$45.15,2569.13
10/20/2017,$69.02,$12.1,$45.61,2564.98
10/19/2017,$70.362,$12.23,$45.35,2575.21
10/18/2017,$71.93,$12.19,$45.12,2562.1
10/17/2017,$71.15,$12.27,$45.02,2561.26
10/16/2017,$70.12,$12.12,$45.76,2559.36
10/13/2017,$71.114,$12.05,$45.88,2557.64
10/12/2017,$71.136,$12.12,$44.89,2553.17
10/11/2017,$70.92,$12.38,$45.47,2550.93
10/10/2017,$71.118,$12.39,$45.21,2555.24
10/09/2017,$68.588,$12.34,$45.33,2550.64
10/06/2017,$71.376,$12.31,$44.93,2544.73
10/05/2017,$71.066,$12.25,$43.85,2549.33
10/04/2017,$71.002,$12.3,$43.78,2552.07
10/03/2017,$69.628,$12.34,$43.45,2537.74
10/02/2017,$68.306,$12.09,$42.15,2534.58
09/29/2017,$68.22,$11.97,$40.38,2529.12
09/28/2017,$67.92,$11.96,$40.58,2519.36
09/27/2017,$68.194,$11.95,$40.58,2510.06
09/26/2017,$69.05,$11.93,$40.26,2507.04
09/25/2017,$68.998,$11.94,$40.3,2496.84
09/22/2017,$70.218,$11.84,$39.42,2496.66
09/21/2017,$73.296,$11.72,$39.1,2502.22
09/20/2017,$74.782,$11.71,$38.88,2500.6
09/19/2017,$75.02,$11.72,$38.7,2508.24
09/18/2017,$77,$11.63,$38.59,2506.65
09/15/2017,$75.962,$11.62,$38.88,2503.87
09/14/2017,$75.528,$11.56,$38.79,2500.23
09/13/2017,$73.246,$11.62,$38.21,2495.62
09/12/2017,$72.55,$11.59,$37.89,2498.37
09/11/2017,$72.738,$11.41,$37.35,2496.48
09/08/2017,$68.68,$11.36,$37,2488.11
09/07/2017,$70.122,$11.4,$36.91,2461.43
09/06/2017,$68.906,$11.5,$37.67,2465.1
09/05/2017,$69.918,$11.36,$37.23,2465.54
09/01/2017,$71.08,$11.35,$37.36,2457.85
08/31/2017,$71.18,$11.03,$36.54,2476.55
08/30/2017,$70.636,$10.94,$35.82,2471.65
08/29/2017,$69.472,$10.84,$35.52,2457.59
08/28/2017,$69.132,$10.79,$35.51,2446.3
08/25/2017,$69.61,$10.82,$35.6,2444.24
08/24/2017,$70.586,$10.71,$35.52,2443.05
08/23/2017,$70.554,$10.71,$35.49,2438.97
08/22/2017,$68.27,$10.65,$35.3,2444.04
08/21/2017,$67.572,$10.57,$34.91,2452.51
08/18/2017,$69.492,$10.56,$34.83,2428.37
08/17/2017,$70.384,$10.64,$35,2425.55
08/16/2017,$72.582,$10.8,$35.75,2430.01
08/15/2017,$72.466,$10.84,$35.54,2468.11
08/14/2017,$72.76,$10.91,$35.47,2464.61
08/11/2017,$71.574,$10.77,$34.93,2465.84
08/10/2017,$71.08,$10.77,$34.88,2441.32
08/09/2017,$72.706,$10.92,$35.28,2438.21
08/08/2017,$73.044,$10.89,$35.39,2474.02
08/07/2017,$71.034,$10.92,$35.3,2474.92
08/04/2017,$71.382,$10.95,$35.27,2480.91
08/03/2017,$69.418,$10.93,$34.77,2476.83
08/02/2017,$65.178,$11,$34.82,2472.16
08/01/2017,$63.914,$10.95,$34.76,2477.57
07/31/2017,$64.694,$11.22,$35.98,2476.35
07/28/2017,$67.014,$11.17,$35.77,2470.3
07/27/2017,$66.892,$11.18,$35.94,2472.1
07/26/2017,$68.77,$11.06,$35.62,2475.42
07/25/2017,$67.92,$11.27,$35.57,2477.83
07/24/2017,$68.504,$11.29,$35.82,2477.13
07/21/2017,$65.68,$11.53,$36.07,2469.91
07/20/2017,$65.984,$11.7,$36.41,2472.54
07/19/2017,$65.052,$11.83,$36.47,2473.45
07/18/2017,$65.648,$11.75,$36.43,2473.83
07/17/2017,$63.914,$11.74,$36.38,2460.61
07/14/2017,$65.556,$11.68,$36.35,2459.14
07/13/2017,$64.682,$11.6,$35.86,2459.27
07/12/2017,$65.904,$11.47,$35.5,2447.83
07/11/2017,$65.444,$11.38,$35.4,2443.25
07/10/2017,$63.21,$11.34,$35.19,2425.53
07/07/2017,$62.644,$11.26,$34.94,2427.43
07/06/2017,$61.766,$11.18,$34.87,2425.18
07/05/2017,$65.418,$11.3,$35.01,2409.75
07/03/2017,$70.524,$11.56,$35.57,2432.54
06/30/2017,$72.322,$11.19,$34.93,2429.01
06/29/2017,$72.15,$11.17,$34.86,2423.41
06/28/2017,$74.248,$11.09,$34.58,2419.7
06/27/2017,$72.474,$11.08,$34.21,2440.69
06/26/2017,$75.498,$11.18,$34.52,2419.38
06/23/2017,$76.69,$11.04,$34.2,2439.07
06/22/2017,$76.522,$11.13,$34.19,2438.3
06/21/2017,$75.28,$11.04,$34.13,2434.5
06/20/2017,$74.448,$11.12,$34.4,2435.61
06/19/2017,$73.96,$11.24,$34.35,2437.03
06/16/2017,$74.28,$11.22,$34.29,2453.46
06/15/2017,$75.068,$11.24,$34.6,2433.15
06/14/2017,$76.132,$11.22,$34.61,2432.46
06/13/2017,$75.19,$11.27,$34.51,2437.92
06/12/2017,$71.802,$11.28,$34.68,2440.35
06/09/2017,$71.464,$11.13,$34.34,2429.39
06/08/2017,$74,$11.1,$34.11,2431.77
06/07/2017,$71.93,$11.07,$34.34,2433.79
06/06/2017,$70.57,$11.12,$34.43,2433.14
06/05/2017,$69.464,$11.25,$34.46,2429.33
06/02/2017,$67.97,$11.35,$34.45,2436.1
06/01/2017,$68.074,$11.41,$34.43,2439.07
05/31/2017,$68.202,$11.12,$33.93,2430.06
05/30/2017,$67.02,$11.08,$33.53,2411.8
05/26/2017,$65.028,$10.93,$33.07,2412.91
05/25/2017,$63.366,$10.86,$32.6,2415.82
05/24/2017,$62.044,$10.96,$33.2,2415.07
05/23/2017,$60.772,$11.05,$33.22,2404.39
05/22/2017,$62.07,$11.1,$32.92,2398.42
05/19/2017,$62.166,$10.87,$32.72,2394.02
05/18/2017,$62.612,$10.79,$32.47,2381.73
05/17/2017,$61.222,$10.76,$32.42,2365.72
05/16/2017,$63.402,$10.94,$33.42,2357.03
05/15/2017,$63.176,$10.94,$33.82,2400.67
05/12/2017,$64.962,$10.92,$33.62,2402.32
05/11/2017,$64.62,$11.01,$34.11,2390.9
05/10/2017,$65.044,$11.04,$34.23,2394.44
05/09/2017,$64.252,$11.16,$34.26,2399.63
05/08/2017,$61.438,$11.13,$33.97,2396.92
05/05/2017,$61.67,$11.14,$33.77,2399.38
05/04/2017,$59.092,$11,$33.15,2399.29
05/03/2017,$62.204,$11.07,$33.48,2389.52
05/02/2017,$63.778,$10.92,$33.2,2388.13
05/01/2017,$64.566,$11.42,$34.2,2391.17
04/28/2017,$62.814,$11.47,$34.64,2388.33
04/27/2017,$61.726,$11.47,$34.54,2384.2
04/26/2017,$62.034,$11.6,$34.38,2388.77
04/25/2017,$62.758,$11.48,$33.99,2387.45
04/24/2017,$61.606,$11.43,$33.91,2388.61
04/21/2017,$61.12,$11.34,$33.75,2374.15
04/20/2017,$60.502,$11.47,$34.1,2348.69
04/19/2017,$61.104,$11.19,$33.79,2355.84
04/18/2017,$60.05,$11.14,$33.69,2338.17
04/17/2017,$60.288,$11.28,$33.9,2342.19
04/13/2017,$60.8,$11.11,$33.39,2349.01
04/12/2017,$59.368,$11.23,$33.94,2328.95
04/11/2017,$61.742,$11.28,$33.92,2344.93
04/10/2017,$62.478,$11.25,$33.97,2353.78
04/07/2017,$60.508,$11.23,$33.71,2357.16
04/06/2017,$59.74,$11.27,$34.16,2355.54
04/05/2017,$59,$11.26,$34,2357.49
04/04/2017,$60.74,$11.37,$34.27,2352.95
04/03/2017,$59.704,$11.44,$34.17,2360.16
03/31/2017,$55.66,$11.64,$35.36,2358.84
03/30/2017,$55.584,$11.68,$35.41,2362.72
03/29/2017,$55.476,$11.68,$35.54,2368.06
03/28/2017,$55.49,$11.65,$35.56,2361.13
03/27/2017,$54.044,$11.46,$34.71,2358.57
03/24/2017,$52.632,$11.62,$34.56,2341.59
03/23/2017,$50.956,$11.67,$34.26,2343.98
03/22/2017,$51.002,$11.77,$34.39,2345.96
03/21/2017,$50.136,$11.72,$34.55,2348.45
03/20/2017,$52.384,$12.28,$35.71,2344.02
03/17/2017,$52.3,$12.48,$36.33,2373.47
03/16/2017,$52.41,$12.7,$37.08,2378.25
03/15/2017,$51.146,$12.65,$37.09,2381.38
03/14/2017,$51.6,$12.55,$36.96,2385.26
03/13/2017,$49.234,$12.54,$36.87,2365.45
03/10/2017,$48.738,$12.53,$36.83,2373.47
03/09/2017,$48.98,$12.5,$36.83,2372.6
03/08/2017,$49.374,$12.53,$37.27,2364.87
03/07/2017,$49.718,$12.46,$37.52,2362.98
03/06/2017,$50.242,$12.52,$37.91,2368.39
03/03/2017,$50.314,$12.65,$38.23,2375.31
03/02/2017,$50.096,$12.66,$37.76,2383.12
03/01/2017,$50.004,$12.69,$37.43,2381.92
02/28/2017,$49.998,$12.53,$36.84,2395.96
02/27/2017,$49.246,$12.66,$37.27,2363.64
02/24/2017,$51.4,$12.47,$36.9,2369.75
02/23/2017,$51.198,$12.56,$37.25,2367.34
02/22/2017,$54.702,$12.67,$37.84,2363.81
02/21/2017,$55.478,$12.69,$37.81,2362.82
02/17/2017,$54.446,$12.58,$37.22,2365.38
02/16/2017,$53.79,$12.54,$37.03,2351.16
02/15/2017,$55.952,$12.63,$37.08,2347.22
02/14/2017,$56.196,$12.65,$37.24,2349.25
02/13/2017,$56.12,$12.56,$35.52,2337.58
02/10/2017,$53.846,$12.51,$35.17,2328.25
02/09/2017,$53.84,$12.38,$35.08,2316.1
02/08/2017,$52.416,$12.38,$35.14,2307.87
02/07/2017,$51.496,$12.34,$35.1,2294.67
02/06/2017,$51.554,$12.52,$36.83,2293.08
02/03/2017,$50.266,$12.56,$36.33,2292.56
02/02/2017,$50.31,$12.28,$35.73,2297.42
02/01/2017,$49.848,$12.32,$36.14,2280.85
01/31/2017,$50.386,$12.36,$36.61,2279.55
01/30/2017,$50.126,$12.37,$36.33,2278.87
01/27/2017,$50.59,$12.49,$37.01,2280.9
01/26/2017,$50.502,$12.37,$37.52,2294.69
01/25/2017,$50.894,$12.79,$38.28,2296.68
01/24/2017,$50.922,$12.61,$37,2298.37
01/23/2017,$49.784,$12.31,$36.65,2280.07
01/20/2017,$48.946,$12.36,$37.01,2265.2
01/19/2017,$48.752,$12.43,$37.3,2271.31
01/18/2017,$47.672,$12.41,$37.47,2263.69
01/17/2017,$47.116,$12.61,$37.31,2271.89
01/13/2017,$47.55,$12.63,$37.34,2267.89
01/12/2017,$45.918,$12.59,$37.51,2274.64
01/11/2017,$45.946,$12.67,$37.95,2270.44
01/10/2017,$45.974,$12.85,$37.35,2275.32
01/09/2017,$46.256,$12.63,$36.01,2268.9
01/06/2017,$45.802,$12.76,$35.99,2268.9
01/05/2017,$45.35,$12.77,$36.39,2276.98
01/04/2017,$45.398,$13.17,$37.09,2269
01/03/2017,$43.398,$12.59,$35.15,2270.75
12/30/2016,$42.738,$12.13,$34.84,2257.83
12/29/2016,$42.936,$12.23,$35.14,2238.83
12/28/2016,$43.948,$12.25,$35.15,2249.26
12/27/2016,$43.906,$12.39,$35.54,2249.92
12/23/2016,$42.668,$12.46,$35.69,2268.88
12/22/2016,$41.69,$12.4,$35.69,2263.79
12/21/2016,$41.54,$12.64,$36.42,2260.96
12/20/2016,$41.758,$12.78,$36.61,2265.18
12/19/2016,$40.546,$12.66,$36.4,2270.76
12/16/2016,$40.498,$12.63,$36.37,2262.53
12/15/2016,$39.516,$12.58,$36.24,2258.07
12/14/2016,$39.738,$12.53,$35.95,2262.03
12/13/2016,$39.63,$12.77,$37.36,2253.28
12/12/2016,$38.486,$12.82,$37.1,2271.72
12/09/2016,$38.436,$13.17,$37.66,2256.96
12/08/2016,$38.458,$13.03,$36.42,2259.53
12/07/2016,$38.63,$13.06,$36.3,2246.19
12/06/2016,$37.17,$12.56,$35.07,2241.35
12/05/2016,$37.36,$12.44,$34.94,2212.23
12/02/2016,$36.294,$12.24,$35.41,2204.71
12/01/2016,$36.376,$12.43,$36.43,2191.95
11/30/2016,$37.88,$11.96,$34.53,2191.08
11/29/2016,$37.914,$11.92,$34.57,2198.81
11/28/2016,$39.224,$11.92,$34.05,2204.66
11/25/2016,$39.33,$12.04,$34.25,2201.72
11/23/2016,$38.628,$11.9,$33.86,2213.35
11/22/2016,$38.234,$11.89,$33.81,2204.72
11/21/2016,$36.904,$11.79,$33.01,2202.94
11/18/2016,$37.004,$11.76,$33,2198.18
11/17/2016,$37.732,$11.87,$33.42,2181.9
11/16/2016,$36.786,$12,$33.23,2187.12
11/15/2016,$36.754,$12.04,$33.43,2176.94
11/14/2016,$36.29,$12.06,$33.28,2180.39
11/11/2016,$37.712,$12.28,$34.02,2164.2
11/10/2016,$37.07,$11.94,$32.73,2164.45
11/09/2016,$38.012,$11.58,$30.96,2167.48
11/08/2016,$38.988,$11.48,$31.73,2163.26
11/07/2016,$38.642,$11.58,$32.02,2139.56
11/04/2016,$38.112,$11.34,$31.16,2131.52
11/03/2016,$37.484,$11.35,$31.07,2085.18
11/02/2016,$37.604,$11.4,$31.45,2088.66
11/01/2016,$38.158,$11.61,$31.48,2097.94
10/31/2016,$39.546,$11.74,$31.6,2111.72
10/28/2016,$39.994,$11.72,$31.32,2126.15
10/27/2016,$40.802,$11.74,$31.33,2126.41
10/26/2016,$40.448,$11.88,$31.58,2133.04
10/25/2016,$40.468,$11.85,$31.6,2139.43
10/24/2016,$40.552,$12.19,$32.98,2143.16
10/21/2016,$40.018,$12.02,$32.04,2151.33
10/20/2016,$39.82,$11.97,$31.75,2141.16
10/19/2016,$40.712,$12.01,$31.85,2141.34
10/18/2016,$39.82,$11.89,$31.4,2144.29
10/17/2016,$38.792,$11.88,$31.56,2139.6
10/14/2016,$39.302,$11.91,$31.87,2126.5
10/13/2016,$40.048,$11.91,$31.51,2132.98
10/12/2016,$40.302,$11.96,$31.68,2132.55
10/11/2016,$40.02,$11.99,$31.89,2139.18
10/10/2016,$40.19,$12.12,$32.15,2136.73
10/07/2016,$39.322,$12.29,$32.34,2163.66
10/06/2016,$40.2,$12.39,$32.53,2153.74
10/05/2016,$41.692,$12.48,$32.68,2160.77
10/04/2016,$42.282,$12.2,$32.17,2159.73
10/03/2016,$42.74,$12.1,$32.04,2150.49
09/30/2016,$40.806,$12.07,$31.77,2161.2
09/29/2016,$40.14,$11.97,$31.48,2168.27
09/28/2016,$41.254,$12.09,$31.9,2151.13
09/27/2016,$41.162,$11.98,$31.6,2171.37
09/26/2016,$41.798,$12.01,$31.8,2159.93
09/23/2016,$41.49,$12.17,$32.12,2146.1
09/22/2016,$41.286,$12.18,$32.39,2164.69
09/21/2016,$41.044,$12.09,$32.11,2177.18
09/20/2016,$40.928,$12,$31.65,2163.12
09/19/2016,$41.268,$12.11,$31.72,2139.76
09/16/2016,$41.08,$12.11,$30.97,2139.12
09/15/2016,$40.084,$12.11,$31.12,2139.16
09/14/2016,$39.282,$12.14,$30.71,2147.26
09/13/2016,$39.21,$12.38,$30.94,2125.77
09/12/2016,$39.66,$12.7,$31.18,2127.02
09/09/2016,$38.894,$12.38,$30.48,2159.04
09/08/2016,$39.472,$12.73,$31.71,2127.81
09/07/2016,$40.342,$12.7,$31.89,2181.3
09/06/2016,$40.566,$12.67,$32.12,2186.16
09/02/2016,$39.556,$12.5,$32.16,2186.48
09/01/2016,$40.154,$12.44,$31.8,2179.98
08/31/2016,$42.402,$12.6,$31.92,2170.86
08/30/2016,$42.268,$12.55,$31.67,2170.95
08/29/2016,$43.04,$12.47,$31.81,2176.12
08/26/2016,$43.998,$12.38,$31.53,2180.38
08/25/2016,$44.192,$12.47,$31.54,2169.04
08/24/2016,$44.524,$12.3,$31.78,2172.47
08/23/2016,$44.968,$12.42,$31.9,2175.44
08/22/2016,$44.586,$12.36,$31.87,2186.9
08/19/2016,$45,$12.39,$31.83,2182.64
08/18/2016,$44.702,$12.33,$31.55,2183.87
08/17/2016,$44.648,$12.39,$31.85,2187.02
08/16/2016,$44.722,$12.34,$31.71,2182.22
08/15/2016,$45.118,$12.43,$31.86,2178.15
08/12/2016,$45.122,$12.33,$31.57,2190.15
08/11/2016,$44.982,$12.31,$31.75,2184.05
08/10/2016,$45.13,$12.25,$31.25,2185.79
08/09/2016,$45.816,$12.31,$31.07,2175.49
08/08/2016,$45.232,$12.18,$30.88,2181.74
08/05/2016,$46.006,$12.19,$30.8,2180.89
08/04/2016,$46.122,$12.08,$30.34,2182.87
08/03/2016,$45.158,$12.13,$30.24,2164.25
08/02/2016,$45.44,$11.94,$29.93,2163.79
08/01/2016,$46.002,$12.48,$31.3,2157.03
07/29/2016,$46.958,$12.66,$31.54,2170.84
07/28/2016,$46.122,$12.71,$30.99,2173.6
07/27/2016,$45.698,$13.84,$32.02,2170.06
07/26/2016,$45.902,$13.86,$32.15,2166.58
07/25/2016,$46.002,$13.83,$32.06,2169.18
07/22/2016,$44.454,$13.84,$32.16,2168.48
07/21/2016,$44.1,$13.92,$32.03,2175.03
07/20/2016,$45.672,$13.74,$31.49,2165.17
07/19/2016,$45.052,$13.65,$31.25,2173.02
07/18/2016,$45.25,$13.65,$30.87,2163.78
07/15/2016,$44.08,$13.57,$30.77,2166.89
07/14/2016,$44.306,$13.59,$30.76,2161.74
07/13/2016,$44.506,$13.48,$30.63,2163.75
07/12/2016,$44.93,$13.45,$30.6,2152.43
07/11/2016,$44.956,$13.27,$30.13,2152.14
07/08/2016,$43.356,$13.09,$29.66,2137.16
07/07/2016,$43.188,$12.75,$28.74,2129.9
07/06/2016,$42.888,$12.57,$28.4,2097.9
07/05/2016,$42.796,$12.4,$28.17,2099.73
,,,,2088.55
