,GS,GS,GS,GS,GS,MS,MS,MS,MS,MS,SPY,SPY,SPY,SPY,SPY,WFC,WFC,WFC,WFC,WFC
,open,high,low,close,volume,open,high,low,close,volume,open,high,low,close,volume,open,high,low,close,volume
2021-06-01 09:30:00-04:00,377.57,380.03,377.0,378.195,25900.0,92.41,92.79,91.895,92.12,64720.0,422.58,422.69,421.55,421.595,116900.0,47.15,47.365,46.795,46.965,69801.0
2021-06-01 09:45:00-04:00,377.35,379.09,377.33,378.72,7691.0,92.19,92.75,92.1,92.68,17071.0,421.62,421.64,421.045,421.31,18211.0,46.96,47.09,46.895,47.055,35782.0
2021-06-01 10:00:00-04:00,378.425,379.8,378.42,378.61,6132.0,92.7,93.08,92.69,92.825,31710.0,421.3,421.51,420.53,420.53,23310.0,47.055,47.29,47.055,47.29,27951.0
2021-06-01 10:15:00-04:00,379.02,379.68,377.73,378.44,13198.0,92.76,92.765,92.39,92.57,18284.0,420.395,420.445,420.0,420.445,35394.0,47.28,47.31,47.145,47.2,17079.0
2021-06-01 10:30:00-04:00,378.99,381.87,378.99,381.65,9437.0,92.59,93.3,92.59,93.24,18097.0,420.4,420.665,420.145,420.49,28345.0,47.215,47.4,47.215,47.39,31670.0
2021-06-01 10:45:00-04:00,381.39,381.39,379.95,380.37,9031.0,93.26,93.26,92.83,93.0,14256.0,420.24,420.24,419.465,419.83,30345.0,47.37,47.37,47.19,47.29,29909.0
2021-06-01 11:00:00-04:00,380.46,381.49,380.18,381.49,5487.0,93.03,93.13,92.87,93.1,10730.0,419.79,420.195,419.69,420.19,17458.0,47.28,47.39,47.275,47.38,18995.0
2021-06-01 11:15:00-04:00,381.5,382.07,381.34,381.97,6249.0,93.11,93.115,92.92,93.09,7803.0,420.205,420.305,420.07,420.23,41501.0,47.365,47.385,47.28,47.34,28202.0
2021-06-01 11:30:00-04:00,381.69,383.12,381.68,383.12,7017.0,93.025,93.04,92.885,92.96,30275.0,420.145,420.46,419.985,420.35,15334.0,47.3,47.36,47.275,47.33,14961.0
2021-06-01 11:45:00-04:00,382.91,383.03,382.37,383.03,4082.0,92.965,92.965,92.815,92.825,35322.0,420.34,420.375,420.07,420.34,9133.0,47.325,47.325,47.23,47.26,12973.0
2021-06-01 12:00:00-04:00,383.065,383.1,382.57,383.08,3954.0,92.82,92.82,92.63,92.74,9882.0,420.12,420.22,419.84,419.89,8420.0,47.27,47.27,47.21,47.245,9616.0
2021-06-01 12:15:00-04:00,383.03,383.11,381.88,382.35,2622.0,92.725,92.765,92.595,92.72,7832.0,419.95,420.1,419.75,420.0,6230.0,47.23,47.235,47.16,47.17,11133.0
2021-06-01 12:30:00-04:00,382.31,382.36,381.615,381.615,1581.0,92.71,92.755,92.58,92.58,7070.0,419.995,420.22,419.93,420.14,13836.0,47.17,47.185,47.105,47.11,12706.0
2021-06-01 12:45:00-04:00,381.705,382.135,380.91,380.975,2513.0,92.575,92.645,92.4,92.42,61021.0,420.15,420.18,419.7,419.8,16391.0,47.11,47.145,47.04,47.045,12255.0
2021-06-01 13:00:00-04:00,380.92,381.13,380.43,381.0,3264.0,92.365,92.38,92.195,92.225,13126.0,419.81,419.81,419.31,419.41,12289.0,47.04,47.05,46.995,47.05,13870.0
2021-06-01 13:15:00-04:00,381.08,381.59,380.77,381.58,2571.0,92.285,92.305,92.175,92.28,19936.0,419.4,419.4,419.22,419.32,22138.0,47.07,47.07,47.0,47.01,15038.0
2021-06-01 13:30:00-04:00,381.43,381.43,381.09,381.12,534.0,92.26,92.31,92.175,92.27,32186.0,419.28,419.45,419.26,419.29,10077.0,47.0,47.06,46.965,46.99,13174.0
2021-06-01 13:45:00-04:00,381.3,381.52,381.08,381.46,803.0,92.28,92.31,92.15,92.31,20559.0,419.36,419.63,419.25,419.62,11271.0,47.015,47.015,46.97,47.01,10795.0
2021-06-01 14:00:00-04:00,381.7,382.12,381.45,381.45,2319.0,92.26,92.405,92.215,92.255,5708.0,419.58,419.84,419.465,419.67,13027.0,47.01,47.08,46.995,47.045,17389.0
2021-06-01 14:15:00-04:00,381.61,382.24,381.48,382.19,3346.0,92.27,92.34,92.245,92.28,10982.0,419.68,420.04,419.67,420.02,11786.0,47.055,47.16,47.04,47.155,18273.0
2021-06-01 14:30:00-04:00,382.14,382.15,381.75,382.04,1877.0,92.26,92.37,92.24,92.34,11366.0,420.02,420.365,419.99,420.24,19759.0,47.15,47.17,47.12,47.135,12514.0
2021-06-01 14:45:00-04:00,381.845,382.11,381.79,382.1,728.0,92.34,92.355,92.185,92.215,48300.0,420.22,420.325,420.19,420.32,13622.0,47.11,47.145,47.08,47.14,7694.0
2021-06-01 15:00:00-04:00,382.15,382.19,381.88,382.16,3139.0,92.245,92.295,92.11,92.285,15759.0,420.32,420.32,419.97,420.04,26441.0,47.14,47.17,47.12,47.15,12140.0
2021-06-01 15:15:00-04:00,382.0,382.07,381.74,381.78,2147.0,92.255,92.255,92.095,92.095,24398.0,420.05,420.2,419.87,419.87,17628.0,47.14,47.18,47.125,47.14,8997.0
2021-06-01 15:30:00-04:00,381.74,381.76,381.0,381.0,5787.0,92.1,92.115,91.975,91.995,35015.0,419.875,419.875,419.47,419.545,35002.0,47.145,47.145,47.075,47.11,24833.0
2021-06-01 15:45:00-04:00,381.2,382.49,381.15,382.42,11825.0,91.985,92.17,91.985,92.12,111548.0,419.56,419.99,419.465,419.63,92880.0,47.12,47.27,47.115,47.25,92817.0
2021-06-02 09:30:00-04:00,383.77,384.38,379.52,380.25,15382.0,92.49,92.56,91.58,92.175,20129.0,420.27,420.275,419.57,419.89,18990.0,47.33,47.46,46.61,46.62,58400.0
2021-06-02 09:45:00-04:00,379.885,381.79,379.83,381.55,10666.0,92.045,92.74,92.045,92.735,13165.0,419.96,420.63,419.96,420.39,15661.0,46.65,46.76,46.585,46.725,23438.0
2021-06-02 10:00:00-04:00,381.87,382.85,380.92,382.28,6302.0,92.74,93.0,92.58,92.93,17261.0,420.375,420.63,420.245,420.48,14974.0,46.77,46.91,46.705,46.91,45518.0
2021-06-02 10:15:00-04:00,381.86,382.51,381.83,382.51,2375.0,92.92,92.92,92.55,92.625,11820.0,420.505,420.97,420.505,420.8,18402.0,46.91,46.93,46.785,46.91,22968.0
2021-06-02 10:30:00-04:00,382.13,382.23,381.91,381.91,1991.0,92.625,92.75,92.46,92.75,9083.0,420.89,420.95,420.54,420.82,17837.0,46.93,46.975,46.825,46.97,29188.0
2021-06-02 10:45:00-04:00,382.58,383.31,382.46,383.3,1914.0,92.78,92.97,92.75,92.805,13409.0,420.85,420.97,420.53,420.68,11716.0,46.94,47.11,46.915,47.065,25856.0
2021-06-02 11:00:00-04:00,383.15,383.27,382.51,382.98,3680.0,92.82,93.14,92.72,93.14,20428.0,420.69,421.09,420.525,421.065,20118.0,47.06,47.15,46.98,47.07,28065.0
2021-06-02 11:15:00-04:00,382.95,382.95,382.19,382.19,3463.0,93.13,93.13,92.89,92.93,15348.0,421.12,421.185,420.87,421.05,8672.0,47.07,47.11,47.05,47.075,18992.0
2021-06-02 11:30:00-04:00,382.03,382.315,381.74,381.95,1041.0,92.94,93.06,92.84,92.94,11960.0,421.11,421.18,420.925,421.095,9680.0,47.095,47.095,46.965,46.985,23293.0
2021-06-02 11:45:00-04:00,381.56,382.32,381.56,382.25,1298.0,92.93,93.035,92.85,92.88,9446.0,421.04,421.1,420.78,420.83,10953.0,46.98,47.0,46.945,46.975,21187.0
2021-06-02 12:00:00-04:00,381.66,381.67,381.14,381.2,3985.0,92.89,92.895,92.805,92.855,6677.0,420.85,420.88,420.73,420.77,5810.0,46.985,46.985,46.88,46.9,23370.0
2021-06-02 12:15:00-04:00,381.53,381.75,381.21,381.4,1948.0,92.87,92.915,92.8,92.8,6585.0,420.85,420.86,420.3,420.39,13630.0,46.9,46.925,46.82,46.825,16530.0
2021-06-02 12:30:00-04:00,380.92,381.29,380.5,380.59,2332.0,92.775,92.78,92.63,92.69,9085.0,420.365,420.39,420.19,420.35,11424.0,46.825,46.84,46.725,46.755,46217.0
2021-06-02 12:45:00-04:00,380.93,381.38,380.8,381.28,1189.0,92.71,92.83,92.695,92.83,3890.0,420.41,420.49,420.36,420.43,9202.0,46.77,46.84,46.77,46.825,10140.0
2021-06-02 13:00:00-04:00,381.21,381.21,380.125,380.125,1275.0,92.85,92.85,92.41,92.44,4289.0,420.47,420.53,420.245,420.245,15133.0,46.825,46.845,46.71,46.73,22720.0
2021-06-02 13:15:00-04:00,380.22,380.22,379.63,380.04,3659.0,92.43,92.44,92.18,92.31,5907.0,420.28,420.29,419.65,419.83,21830.0,46.735,46.765,46.675,46.705,15271.0
2021-06-02 13:30:00-04:00,380.29,380.46,380.0,380.46,788.0,92.26,92.26,92.12,92.2,9748.0,419.77,420.03,419.77,419.855,7564.0,46.705,46.775,46.685,46.755,11892.0
2021-06-02 13:45:00-04:00,380.92,381.06,380.54,381.06,1778.0,92.2,92.38,92.165,92.38,16500.0,419.85,419.99,419.58,419.785,15766.0,46.755,46.775,46.725,46.745,20871.0
2021-06-02 14:00:00-04:00,381.15,382.695,381.15,382.695,3720.0,92.43,92.66,92.43,92.655,11842.0,419.805,420.03,419.3,419.43,19225.0,46.745,46.825,46.725,46.81,26099.0
2021-06-02 14:15:00-04:00,382.91,383.64,382.865,383.285,4398.0,92.65,92.92,92.65,92.85,8672.0,419.41,419.92,419.41,419.805,8833.0,46.81,46.905,46.805,46.865,21452.0
2021-06-02 14:30:00-04:00,383.37,383.83,383.37,383.63,3222.0,92.86,92.99,92.84,92.94,4285.0,419.77,419.87,419.695,419.75,13558.0,46.88,46.915,46.845,46.895,19326.0
2021-06-02 14:45:00-04:00,383.2,383.85,383.2,383.85,1284.0,92.92,92.94,92.84,92.92,8603.0,419.79,419.92,419.71,419.89,39223.0,46.9,46.925,46.85,46.925,27335.0
2021-06-02 15:00:00-04:00,384.01,384.63,383.68,384.22,2879.0,92.95,93.01,92.895,92.985,9596.0,419.88,420.05,419.71,419.98,42457.0,46.925,46.935,46.89,46.9,31795.0
2021-06-02 15:15:00-04:00,384.23,384.23,383.75,383.75,1842.0,92.95,92.99,92.86,92.905,10760.0,419.98,420.025,419.73,419.765,50534.0,46.905,46.91,46.86,46.865,13725.0
2021-06-02 15:30:00-04:00,383.74,383.74,383.21,383.49,3081.0,92.91,92.94,92.64,92.765,8175.0,419.75,419.88,419.6,419.86,77236.0,46.86,46.86,46.79,46.83,42997.0
2021-06-02 15:45:00-04:00,383.28,383.79,382.82,383.35,16091.0,92.69,92.84,92.64,92.79,35459.0,419.85,420.46,419.765,420.38,111478.0,46.82,46.84,46.745,46.81,75924.0
2021-06-03 09:30:00-04:00,382.77,382.77,380.41,380.44,3945.0,92.5,92.73,92.3,92.41,17781.0,418.05,418.15,416.685,416.685,93460.0,46.68,46.73,46.39,46.47,44286.0
2021-06-03 09:45:00-04:00,380.54,385.0,380.54,384.99,6025.0,92.56,93.21,92.53,93.19,10304.0,416.65,417.4,416.33,417.18,83170.0,46.5,46.935,46.5,46.89,32957.0
2021-06-03 10:00:00-04:00,384.73,384.93,383.67,384.1,4367.0,93.12,93.295,92.92,92.97,12159.0,417.08,418.16,417.03,418.03,32123.0,46.87,46.985,46.86,46.9,30937.0
2021-06-03 10:15:00-04:00,384.35,385.36,383.88,385.23,5584.0,93.05,93.11,92.925,92.975,10159.0,418.07,418.12,417.61,417.61,21612.0,46.89,46.96,46.85,46.96,18984.0
2021-06-03 10:30:00-04:00,385.17,386.45,385.17,386.21,5932.0,92.93,93.2,92.9,93.075,16886.0,417.58,417.93,417.27,417.35,13433.0,46.94,46.995,46.85,46.865,30232.0
2021-06-03 10:45:00-04:00,386.36,387.5,386.3,387.3,7511.0,93.06,93.635,93.06,93.62,24821.0,417.35,419.34,417.27,419.3,42995.0,46.835,46.965,46.82,46.955,51367.0
2021-06-03 11:00:00-04:00,387.06,387.06,386.55,386.55,2219.0,93.55,93.6,93.43,93.55,10474.0,419.34,419.99,419.16,419.695,84033.0,46.95,46.95,46.85,46.9,27358.0
2021-06-03 11:15:00-04:00,386.6,387.49,386.5,387.225,3100.0,93.56,93.7,93.405,93.61,8893.0,419.73,419.81,419.29,419.68,38273.0,46.885,46.895,46.79,46.88,20267.0
2021-06-03 11:30:00-04:00,387.18,387.23,386.57,386.99,5197.0,93.635,93.645,93.46,93.585,16965.0,419.74,419.74,419.13,419.46,16365.0,46.89,46.95,46.83,46.93,18019.0
2021-06-03 11:45:00-04:00,387.17,387.82,387.17,387.62,3230.0,93.585,93.635,93.505,93.54,9712.0,419.49,419.5,419.08,419.37,16835.0,46.915,46.965,46.86,46.87,80609.0
2021-06-03 12:00:00-04:00,387.62,387.8,387.45,387.66,2035.0,93.57,93.69,93.54,93.69,14182.0,419.415,419.63,419.33,419.445,8342.0,46.87,46.915,46.855,46.91,21996.0
2021-06-03 12:15:00-04:00,387.89,389.34,387.89,389.315,3963.0,93.66,93.72,93.555,93.72,14721.0,419.42,419.46,418.95,419.32,12948.0,46.89,46.91,46.84,46.88,16854.0
2021-06-03 12:30:00-04:00,389.21,390.48,389.1,390.1,5277.0,93.715,93.92,93.7,93.895,19002.0,419.28,419.7,419.13,419.69,15819.0,46.895,46.93,46.84,46.905,11501.0
2021-06-03 12:45:00-04:00,390.35,390.595,389.18,389.49,3671.0,93.86,93.905,93.665,93.695,11046.0,419.72,419.745,419.24,419.565,14150.0,46.895,46.92,46.79,46.795,8623.0
2021-06-03 13:00:00-04:00,389.53,390.005,389.03,389.455,2913.0,93.675,93.715,93.49,93.56,13825.0,419.55,419.555,419.0,419.26,14988.0,46.795,46.81,46.645,46.66,34613.0
2021-06-03 13:15:00-04:00,389.53,390.62,389.44,390.58,4481.0,93.56,93.845,93.56,93.82,17196.0,419.24,419.8,419.24,419.8,12080.0,46.645,46.715,46.625,46.71,31305.0
2021-06-03 13:30:00-04:00,390.49,391.21,390.14,390.15,5703.0,93.81,93.885,93.73,93.73,8631.0,419.77,419.885,419.49,419.49,26067.0,46.71,46.725,46.575,46.595,35934.0
2021-06-03 13:45:00-04:00,390.3,390.42,389.32,389.6,7767.0,93.785,93.795,93.63,93.63,10009.0,419.565,419.66,419.455,419.56,13057.0,46.595,46.595,46.52,46.54,37756.0
2021-06-03 14:00:00-04:00,389.535,389.555,389.06,389.06,1155.0,93.64,93.64,93.465,93.515,10966.0,419.51,419.61,419.36,419.365,7033.0,46.525,46.55,46.47,46.48,12083.0
2021-06-03 14:15:00-04:00,389.09,389.09,388.54,388.67,3683.0,93.49,93.49,93.35,93.4,16376.0,419.34,419.34,419.055,419.14,9338.0,46.47,46.475,46.41,46.43,40940.0
2021-06-03 14:30:00-04:00,388.63,388.63,387.56,387.78,4027.0,93.385,93.48,93.27,93.35,13028.0,419.19,419.27,418.85,418.96,9433.0,46.435,46.44,46.355,46.4,30880.0
2021-06-03 14:45:00-04:00,387.94,388.68,387.775,388.26,2726.0,93.36,93.415,93.305,93.375,16941.0,419.005,419.07,418.75,418.77,12795.0,46.4,46.43,46.375,46.39,31509.0
2021-06-03 15:00:00-04:00,388.17,388.99,388.17,388.99,1990.0,93.34,93.465,93.33,93.465,20885.0,418.745,419.135,418.745,419.135,21100.0,46.38,46.43,46.37,46.43,13098.0
2021-06-03 15:15:00-04:00,389.13,389.68,388.9,389.45,3529.0,93.46,93.54,93.42,93.495,15010.0,419.06,419.18,418.78,419.17,13629.0,46.435,46.49,46.43,46.47,18102.0
2021-06-03 15:30:00-04:00,389.25,389.67,389.25,389.56,4688.0,93.495,93.64,93.435,93.615,22234.0,419.2,419.445,419.04,419.07,32113.0,46.47,46.56,46.455,46.54,37436.0
2021-06-03 15:45:00-04:00,389.61,389.61,388.3,388.61,10209.0,93.605,93.615,93.28,93.35,45158.0,419.055,419.08,418.74,418.895,90343.0,46.535,46.57,46.445,46.47,74102.0
2021-06-04 09:30:00-04:00,389.64,391.2,389.23,389.46,11046.0,93.7,94.1,93.7,93.715,19280.0,420.77,421.5,420.72,421.37,36016.0,47.06,47.09,46.83,46.875,88255.0
2021-06-04 09:45:00-04:00,389.065,389.46,387.09,388.0,7890.0,93.665,93.725,93.18,93.31,8093.0,421.37,421.49,420.96,421.245,32417.0,46.88,46.88,46.595,46.685,69325.0
2021-06-04 10:00:00-04:00,388.01,388.22,386.71,388.07,3173.0,93.32,93.32,93.01,93.17,6343.0,421.295,421.62,421.275,421.53,45178.0,46.675,46.715,46.555,46.635,37902.0
2021-06-04 10:15:00-04:00,388.1,388.9,387.89,388.9,2734.0,93.18,93.31,93.11,93.31,5971.0,421.52,421.645,421.24,421.39,26997.0,46.625,46.715,46.585,46.695,40002.0
2021-06-04 10:30:00-04:00,389.21,389.455,387.66,387.66,4018.0,93.285,93.37,93.025,93.03,10031.0,421.365,421.75,421.33,421.47,17543.0,46.685,46.705,46.52,46.585,57324.0
2021-06-04 10:45:00-04:00,388.08,388.9,388.02,388.9,1813.0,93.01,93.36,92.975,93.35,10109.0,421.41,421.85,421.41,421.74,11954.0,46.57,46.73,46.55,46.715,26244.0
2021-06-04 11:00:00-04:00,388.82,389.1,388.45,388.53,2884.0,93.375,93.38,93.205,93.22,4814.0,421.755,421.96,421.69,421.84,19035.0,46.715,46.715,46.595,46.62,29172.0
2021-06-04 11:15:00-04:00,388.69,388.79,388.01,388.01,1984.0,93.19,93.19,92.93,92.965,8922.0,421.87,422.015,421.71,421.89,21191.0,46.63,46.69,46.595,46.655,36329.0
2021-06-04 11:30:00-04:00,387.94,387.94,387.11,387.51,3089.0,92.965,92.965,92.745,92.825,10611.0,421.89,421.905,421.62,421.79,17891.0,46.66,46.685,46.55,46.585,29762.0
2021-06-04 11:45:00-04:00,387.1,387.81,387.1,387.54,1183.0,92.81,92.855,92.655,92.76,5887.0,421.74,421.77,421.48,421.6,20848.0,46.595,46.605,46.555,46.59,12873.0
2021-06-04 12:00:00-04:00,387.42,387.92,387.42,387.92,625.0,92.745,92.9,92.74,92.9,3451.0,421.6,421.725,421.47,421.72,13911.0,46.59,46.66,46.59,46.66,12480.0
2021-06-04 12:15:00-04:00,387.73,388.6,387.725,388.59,3501.0,93.005,93.165,92.975,93.165,6299.0,421.7,421.715,421.6,421.67,9781.0,46.665,46.71,46.66,46.705,10372.0
2021-06-04 12:30:00-04:00,388.41,389.2,388.41,389.2,2357.0,93.155,93.295,93.15,93.295,5951.0,421.63,421.87,421.63,421.81,16750.0,46.705,46.755,46.685,46.735,13855.0
2021-06-04 12:45:00-04:00,389.25,390.375,389.21,390.34,1849.0,93.3,93.51,93.295,93.505,4448.0,421.75,421.89,421.72,421.89,11328.0,46.735,46.82,46.72,46.81,21203.0
2021-06-04 13:00:00-04:00,390.51,390.94,389.87,390.73,2580.0,93.505,93.585,93.435,93.56,5673.0,421.9,422.01,421.88,421.96,19817.0,46.82,46.875,46.79,46.84,21248.0
2021-06-04 13:15:00-04:00,390.76,391.05,390.49,391.03,2009.0,93.58,93.69,93.56,93.665,8752.0,421.95,422.02,421.79,421.85,17296.0,46.845,46.87,46.825,46.865,18175.0
2021-06-04 13:30:00-04:00,390.935,391.05,390.5,390.91,2649.0,93.66,93.715,93.525,93.675,9297.0,421.84,422.165,421.835,422.125,23351.0,46.865,46.895,46.825,46.875,21938.0
2021-06-04 13:45:00-04:00,390.4,390.72,390.4,390.72,1391.0,93.675,93.715,93.58,93.695,14666.0,422.12,422.2,422.075,422.16,17421.0,46.89,46.895,46.845,46.855,11438.0
2021-06-04 14:00:00-04:00,390.51,390.83,390.43,390.75,1448.0,93.685,93.72,93.625,93.665,6032.0,422.16,422.355,422.16,422.29,31050.0,46.865,46.875,46.84,46.865,15441.0
2021-06-04 14:15:00-04:00,390.43,390.46,390.05,390.36,2281.0,93.675,93.675,93.535,93.66,6439.0,422.28,422.415,422.22,422.415,33253.0,46.865,46.885,46.805,46.885,13513.0
2021-06-04 14:30:00-04:00,390.37,390.53,390.21,390.34,1219.0,93.655,93.695,93.655,93.685,4526.0,422.42,422.63,422.4,422.63,62788.0,46.885,46.915,46.87,46.905,35874.0
2021-06-04 14:45:00-04:00,390.1,390.36,390.1,390.33,1577.0,93.715,93.73,93.655,93.73,6047.0,422.63,422.635,422.465,422.48,63126.0,46.905,46.925,46.885,46.915,15806.0
2021-06-04 15:00:00-04:00,390.31,390.43,389.9,390.43,2450.0,93.76,93.785,93.685,93.775,5323.0,422.49,422.53,422.36,422.38,55335.0,46.915,46.92,46.875,46.885,24685.0
2021-06-04 15:15:00-04:00,390.36,390.95,390.35,390.95,2405.0,93.785,93.895,93.76,93.89,6525.0,422.365,422.505,422.34,422.47,63350.0,46.88,46.955,46.865,46.945,24693.0
2021-06-04 15:30:00-04:00,390.9,391.79,390.9,391.79,5944.0,93.91,94.05,93.91,94.02,9117.0,422.47,422.63,422.36,422.62,92951.0,46.945,46.97,46.91,46.965,40304.0
2021-06-04 15:45:00-04:00,391.93,392.02,391.3,391.47,15205.0,94.005,94.04,93.875,93.95,27265.0,422.62,422.915,422.465,422.59,103195.0,46.965,47.0,46.94,46.955,129674.0
2021-06-07 09:30:00-04:00,392.93,392.96,390.66,391.51,6418.0,94.19,94.25,93.67,93.83,12622.0,422.63,422.765,422.38,422.51,55434.0,47.07,47.17,46.83,47.0,74460.0
2021-06-07 09:45:00-04:00,391.42,391.65,389.555,389.85,2637.0,93.815,93.85,93.17,93.225,12918.0,422.53,422.585,421.95,422.18,54526.0,47.0,47.015,46.84,46.875,16469.0
2021-06-07 10:00:00-04:00,389.31,389.36,388.59,388.615,4021.0,93.22,93.22,92.935,92.96,16191.0,422.19,422.19,421.67,421.735,31387.0,46.88,46.905,46.78,46.865,14492.0
2021-06-07 10:15:00-04:00,388.65,389.12,388.65,388.98,2149.0,92.96,93.06,92.83,93.02,12596.0,421.735,421.81,421.47,421.7,38723.0,46.875,46.995,46.875,46.965,16556.0
2021-06-07 10:30:00-04:00,388.45,389.55,388.36,389.55,2914.0,92.93,93.01,92.805,92.92,14385.0,421.63,421.68,421.495,421.56,24500.0,46.945,47.045,46.93,47.015,17053.0
2021-06-07 10:45:00-04:00,389.275,389.275,388.47,389.03,1095.0,92.91,92.97,92.77,92.88,17462.0,421.51,421.73,421.32,421.71,49163.0,47.01,47.025,46.94,46.995,24263.0
2021-06-07 11:00:00-04:00,388.71,389.31,388.71,389.0,1092.0,92.87,93.06,92.87,92.965,15085.0,421.73,421.89,421.595,421.83,53523.0,47.01,47.025,46.915,46.95,26403.0
2021-06-07 11:15:00-04:00,389.01,389.67,388.6,388.81,2489.0,92.97,93.05,92.78,92.85,11037.0,421.84,421.87,421.45,421.45,18383.0,46.95,46.965,46.85,46.88,23748.0
2021-06-07 11:30:00-04:00,388.86,388.86,388.67,388.67,345.0,92.88,92.96,92.82,92.89,10933.0,421.46,421.48,421.24,421.365,48117.0,46.905,46.92,46.87,46.905,15225.0
2021-06-07 11:45:00-04:00,388.81,389.325,388.66,389.325,1454.0,92.91,92.99,92.74,92.99,6291.0,421.35,421.525,421.285,421.52,43458.0,46.91,46.965,46.885,46.965,12650.0
2021-06-07 12:00:00-04:00,389.44,390.93,389.44,390.91,6120.0,93.0,93.19,92.98,93.14,7585.0,421.52,421.81,421.44,421.785,36814.0,46.97,47.05,46.955,47.045,13762.0
2021-06-07 12:15:00-04:00,390.7,391.23,390.48,390.71,5865.0,93.09,93.28,93.045,93.095,7033.0,421.8,421.81,421.5,421.55,22492.0,47.04,47.055,47.005,47.02,18169.0
2021-06-07 12:30:00-04:00,390.71,390.77,390.52,390.6,2098.0,93.11,93.15,93.05,93.105,4155.0,421.545,421.72,421.48,421.695,27493.0,47.02,47.05,46.995,47.02,18169.0
2021-06-07 12:45:00-04:00,390.565,390.84,390.36,390.36,1680.0,93.09,93.17,93.09,93.09,3899.0,421.68,421.79,421.63,421.685,15867.0,47.02,47.07,47.0,47.05,10591.0
2021-06-07 13:00:00-04:00,390.25,390.43,390.09,390.43,789.0,93.09,93.1,92.97,92.97,4626.0,421.71,421.76,421.39,421.51,27882.0,47.06,47.06,47.01,47.02,10266.0
2021-06-07 13:15:00-04:00,390.42,390.68,390.18,390.18,3496.0,92.99,93.21,92.98,93.19,3582.0,421.51,421.67,421.44,421.52,47059.0,47.03,47.085,47.015,47.045,8818.0
2021-06-07 13:30:00-04:00,390.24,390.24,389.37,389.4,5855.0,93.05,93.08,92.995,93.07,3972.0,421.51,421.65,421.37,421.39,27342.0,47.055,47.06,47.025,47.03,6346.0
2021-06-07 13:45:00-04:00,389.47,389.47,388.73,389.3,5590.0,93.025,93.07,92.965,93.06,4534.0,421.39,421.41,421.2,421.27,19205.0,47.03,47.04,47.01,47.025,9767.0
2021-06-07 14:00:00-04:00,389.05,389.05,388.715,388.78,443.0,93.05,93.09,93.03,93.06,1315.0,421.24,421.51,421.22,421.51,12571.0,47.02,47.055,47.01,47.03,9899.0
2021-06-07 14:15:00-04:00,388.7,388.72,388.395,388.72,779.0,92.99,93.01,92.93,92.96,1543.0,421.52,421.535,421.42,421.5,9661.0,47.04,47.05,46.99,47.005,9856.0
2021-06-07 14:30:00-04:00,388.775,389.14,388.775,388.99,872.0,92.98,93.075,92.97,93.075,2818.0,421.5,421.66,421.44,421.63,14256.0,47.0,47.06,46.99,47.06,10060.0
2021-06-07 14:45:00-04:00,388.84,388.84,388.24,388.41,4637.0,93.07,93.085,92.99,93.02,2605.0,421.625,421.96,421.55,421.85,27404.0,47.065,47.095,47.035,47.055,13018.0
2021-06-07 15:00:00-04:00,388.26,388.26,387.59,387.87,4853.0,93.045,93.105,93.04,93.05,4845.0,421.815,422.08,421.815,422.05,36638.0,47.055,47.07,47.025,47.035,16986.0
2021-06-07 15:15:00-04:00,388.365,388.48,388.24,388.43,907.0,93.05,93.225,93.02,93.225,11777.0,422.04,422.24,421.99,422.22,60432.0,47.04,47.07,47.03,47.07,18862.0
2021-06-07 15:30:00-04:00,388.495,388.77,388.495,388.655,896.0,93.22,93.25,93.135,93.22,13332.0,422.22,422.26,421.85,421.91,64179.0,47.075,47.075,47.02,47.04,23201.0
2021-06-07 15:45:00-04:00,388.5,388.51,387.555,388.21,14675.0,93.195,93.295,93.125,93.21,82987.0,421.83,422.39,421.82,422.19,102671.0,47.035,47.14,47.03,47.115,59884.0
2021-06-08 09:30:00-04:00,386.1,386.1,382.26,383.0,14537.0,92.47,92.58,91.69,91.78,57012.0,423.18,423.19,422.58,422.725,53301.0,46.74,46.77,46.36,46.37,89695.0
2021-06-08 09:45:00-04:00,382.895,384.03,382.74,382.74,5717.0,91.82,92.125,91.82,92.06,17159.0,422.76,422.9,421.67,421.67,36556.0,46.38,46.465,46.31,46.375,30431.0
2021-06-08 10:00:00-04:00,383.33,384.01,382.53,383.75,3357.0,92.085,92.335,92.06,92.225,30992.0,421.72,422.235,421.55,422.06,16741.0,46.375,46.585,46.37,46.535,30757.0
2021-06-08 10:15:00-04:00,383.46,384.55,383.45,384.55,3059.0,92.26,92.45,92.15,92.44,20801.0,422.1,422.105,421.76,421.9,12341.0,46.54,46.705,46.53,46.675,27881.0
2021-06-08 10:30:00-04:00,384.89,385.34,384.44,384.99,5072.0,92.46,92.58,92.36,92.53,12200.0,421.84,422.12,421.63,422.065,57550.0,46.695,46.785,46.67,46.725,22835.0
2021-06-08 10:45:00-04:00,385.24,385.44,384.67,384.85,3149.0,92.57,92.695,92.52,92.64,22710.0,422.07,422.23,421.74,421.84,25153.0,46.735,46.835,46.715,46.795,14256.0
2021-06-08 11:00:00-04:00,384.82,384.97,383.51,383.51,5777.0,92.63,92.72,92.37,92.37,14920.0,421.86,422.19,421.4,421.42,60937.0,46.805,46.815,46.6,46.6,14343.0
2021-06-08 11:15:00-04:00,383.95,384.39,383.21,384.07,11321.0,92.395,92.6,92.395,92.6,13755.0,421.41,421.61,420.425,420.96,37184.0,46.605,46.73,46.605,46.725,22883.0
2021-06-08 11:30:00-04:00,383.97,385.07,383.97,385.0,2657.0,92.56,92.85,92.55,92.8,10500.0,420.93,421.845,420.905,421.845,42967.0,46.72,46.89,46.72,46.845,15478.0
2021-06-08 11:45:00-04:00,385.29,386.25,385.28,386.2,2697.0,92.82,93.005,92.82,92.955,9118.0,421.93,422.05,421.75,422.05,7299.0,46.845,46.935,46.845,46.915,17058.0
2021-06-08 12:00:00-04:00,386.22,386.4,386.005,386.24,2722.0,92.955,93.125,92.955,93.125,26793.0,422.0,422.39,422.0,422.39,6618.0,46.915,47.005,46.9,47.005,10401.0
2021-06-08 12:15:00-04:00,385.84,385.87,385.43,385.84,1098.0,93.14,93.17,93.0,93.17,7709.0,422.39,422.45,422.15,422.43,7746.0,47.005,47.005,46.895,46.965,6625.0
2021-06-08 12:30:00-04:00,386.02,386.17,386.02,386.08,610.0,93.165,93.17,93.045,93.065,9900.0,422.44,422.645,422.42,422.51,10548.0,46.965,46.965,46.875,46.875,32406.0
2021-06-08 12:45:00-04:00,385.78,385.81,385.53,385.68,1067.0,93.065,93.065,92.975,93.015,10965.0,422.51,422.615,422.35,422.585,8722.0,46.87,46.9,46.815,46.84,12730.0
2021-06-08 13:00:00-04:00,385.75,386.08,385.71,386.08,1444.0,93.02,93.115,93.02,93.035,10498.0,422.55,422.62,422.43,422.43,9442.0,46.85,46.925,46.85,46.86,13287.0
2021-06-08 13:15:00-04:00,385.96,386.04,385.59,385.59,1094.0,93.01,93.015,92.85,92.86,7428.0,422.43,422.485,422.25,422.26,10555.0,46.855,46.91,46.835,46.845,9693.0
2021-06-08 13:30:00-04:00,385.55,385.69,385.52,385.69,387.0,92.85,92.87,92.8,92.835,10546.0,422.19,422.655,422.19,422.62,9508.0,46.84,46.865,46.81,46.825,32504.0
2021-06-08 13:45:00-04:00,385.66,385.665,385.105,385.35,2621.0,92.82,92.82,92.7,92.745,7950.0,422.585,422.585,422.21,422.24,23852.0,46.825,46.825,46.66,46.7,23300.0
2021-06-08 14:00:00-04:00,385.32,385.455,385.22,385.22,3751.0,92.775,92.78,92.69,92.725,8017.0,422.24,422.465,422.205,422.31,26347.0,46.715,46.725,46.675,46.68,12121.0
2021-06-08 14:15:00-04:00,385.5,385.59,385.19,385.34,2881.0,92.725,92.795,92.665,92.775,9042.0,422.315,422.59,422.295,422.57,10168.0,46.675,46.71,46.62,46.65,33813.0
2021-06-08 14:30:00-04:00,385.13,385.47,385.13,385.18,804.0,92.785,92.8,92.625,92.625,36310.0,422.59,422.64,422.44,422.44,7582.0,46.645,46.655,46.585,46.595,11984.0
2021-06-08 14:45:00-04:00,385.08,385.3,384.39,385.25,1857.0,92.6,92.685,92.525,92.665,15817.0,422.42,422.78,422.38,422.755,10600.0,46.595,46.605,46.555,46.565,20380.0
2021-06-08 15:00:00-04:00,385.18,385.42,385.18,385.39,2826.0,92.655,92.85,92.655,92.845,8943.0,422.75,422.89,422.735,422.83,18439.0,46.565,46.635,46.565,46.615,37289.0
2021-06-08 15:15:00-04:00,385.17,385.295,385.05,385.125,2748.0,92.84,92.86,92.79,92.84,4059.0,422.82,422.94,422.57,422.695,20462.0,46.6,46.625,46.575,46.585,12102.0
2021-06-08 15:30:00-04:00,385.45,385.71,385.41,385.5,4429.0,92.82,92.96,92.78,92.945,12236.0,422.7,422.75,422.47,422.575,21135.0,46.58,46.675,46.565,46.66,23240.0
2021-06-08 15:45:00-04:00,385.28,385.28,384.24,384.69,12614.0,92.905,92.93,92.725,92.79,43609.0,422.535,422.67,422.26,422.26,59914.0,46.655,46.715,46.57,46.605,102911.0
2021-06-09 09:30:00-04:00,382.5,382.78,379.57,380.0,11651.0,92.37,92.9,92.06,92.14,16597.0,423.18,423.24,422.51,422.85,20472.0,46.24,46.34,45.77,45.81,39926.0
2021-06-09 09:45:00-04:00,380.05,380.17,379.15,379.67,4866.0,92.12,92.21,91.805,92.065,16806.0,422.98,423.22,422.46,422.745,18911.0,45.81,45.83,45.64,45.74,27356.0
2021-06-09 10:00:00-04:00,380.1,382.17,380.1,382.03,2541.0,92.095,92.4,91.96,92.37,20978.0,422.85,422.93,422.48,422.55,18240.0,45.75,46.08,45.75,46.04,30403.0
2021-06-09 10:15:00-04:00,382.13,383.44,381.78,382.915,3100.0,92.37,92.63,92.19,92.57,12792.0,422.45,422.88,422.35,422.85,16937.0,46.03,46.08,45.91,46.05,21023.0
2021-06-09 10:30:00-04:00,382.8,383.49,382.49,382.94,3519.0,92.55,92.6,92.45,92.52,12391.0,422.905,423.05,422.78,422.85,11964.0,46.04,46.05,45.97,46.025,21562.0
2021-06-09 10:45:00-04:00,383.28,384.27,383.24,383.46,3215.0,92.57,92.92,92.57,92.79,13050.0,423.015,423.015,422.75,422.87,6316.0,46.035,46.14,46.02,46.105,36051.0
2021-06-09 11:00:00-04:00,383.45,384.19,383.38,383.83,1803.0,92.8,93.09,92.8,92.985,12704.0,422.83,423.04,422.83,422.91,11608.0,46.105,46.18,46.085,46.155,31357.0
2021-06-09 11:15:00-04:00,383.68,384.23,383.68,383.87,3288.0,92.985,93.01,92.865,92.965,10768.0,422.85,423.1,422.84,422.935,14371.0,46.14,46.22,46.07,46.08,9105.0
2021-06-09 11:30:00-04:00,384.05,384.05,383.4,383.4,2131.0,92.985,92.985,92.885,92.895,13959.0,422.93,422.93,422.64,422.76,7961.0,46.08,46.095,46.02,46.065,19860.0
2021-06-09 11:45:00-04:00,383.5,383.86,383.13,383.52,1481.0,92.895,93.05,92.875,92.945,12816.0,422.69,422.82,422.24,422.505,25965.0,46.08,46.17,46.075,46.12,11193.0
2021-06-09 12:00:00-04:00,383.23,383.24,382.72,382.82,2102.0,92.945,93.0,92.885,92.89,22552.0,422.48,422.555,422.42,422.55,7905.0,46.115,46.125,46.01,46.035,22650.0
2021-06-09 12:15:00-04:00,382.5,382.63,382.43,382.44,1321.0,92.905,93.015,92.825,92.995,32096.0,422.53,422.665,422.4,422.66,10771.0,46.03,46.055,45.965,45.98,7797.0
2021-06-09 12:30:00-04:00,382.32,382.71,382.29,382.49,2729.0,92.985,93.085,92.975,93.02,31213.0,422.645,422.78,422.645,422.725,7517.0,45.99,46.005,45.94,45.94,11037.0
2021-06-09 12:45:00-04:00,382.61,383.02,382.61,382.92,1640.0,93.015,93.18,92.97,92.97,13608.0,422.73,422.79,422.67,422.74,11722.0,45.955,46.015,45.955,46.005,9689.0
2021-06-09 13:00:00-04:00,382.33,382.84,382.33,382.79,1214.0,92.965,92.965,92.67,92.775,13678.0,422.75,422.88,422.69,422.7,9892.0,46.0,46.0,45.96,45.98,7295.0
2021-06-09 13:15:00-04:00,382.79,382.99,382.79,382.96,733.0,92.765,92.835,92.74,92.825,4784.0,422.7,422.97,422.68,422.87,11936.0,45.99,46.035,45.98,46.005,6917.0
2021-06-09 13:30:00-04:00,382.75,383.06,382.74,383.02,1616.0,92.825,92.91,92.755,92.835,11274.0,422.845,422.89,422.56,422.64,10136.0,45.995,46.02,45.965,45.97,7280.0
2021-06-09 13:45:00-04:00,383.07,383.07,382.72,382.72,561.0,92.85,92.87,92.72,92.835,16383.0,422.64,422.755,422.62,422.63,10743.0,45.985,46.015,45.955,46.005,6220.0
2021-06-09 14:00:00-04:00,382.8,382.99,382.76,382.79,1407.0,92.845,92.89,92.815,92.84,10829.0,422.68,422.82,422.53,422.59,7930.0,46.01,46.01,45.94,45.95,11038.0
2021-06-09 14:15:00-04:00,382.96,383.45,382.93,383.45,852.0,92.855,93.08,92.795,93.08,8623.0,422.63,422.85,422.565,422.85,7662.0,45.95,45.985,45.92,45.985,9414.0
2021-06-09 14:30:00-04:00,383.32,383.34,383.12,383.12,577.0,93.05,93.05,92.95,92.955,5777.0,422.79,422.87,422.54,422.54,17372.0,45.98,45.995,45.92,45.94,11308.0
2021-06-09 14:45:00-04:00,383.29,383.7,383.16,383.62,1964.0,92.965,92.98,92.85,92.91,5020.0,422.55,422.59,422.37,422.44,15646.0,45.945,46.005,45.925,45.985,15074.0
2021-06-09 15:00:00-04:00,383.56,383.77,383.39,383.68,3016.0,92.87,92.91,92.795,92.795,3799.0,422.42,422.42,422.25,422.27,13091.0,45.985,46.005,45.965,45.975,12926.0
2021-06-09 15:15:00-04:00,383.47,383.47,382.56,382.8,2689.0,92.795,92.795,92.6,92.635,7229.0,422.295,422.38,421.83,421.83,25684.0,45.975,45.975,45.91,45.91,15605.0
2021-06-09 15:30:00-04:00,382.49,382.93,382.48,382.8,2753.0,92.585,92.68,92.48,92.49,13018.0,421.8,422.05,421.6,421.62,64949.0,45.91,45.92,45.875,45.88,32404.0
2021-06-09 15:45:00-04:00,382.71,383.26,382.71,383.005,9012.0,92.495,92.825,92.495,92.67,25395.0,421.59,421.925,421.45,421.58,71235.0,45.875,45.98,45.87,45.92,88752.0
2021-06-10 09:30:00-04:00,389.13,389.13,385.73,385.79,15885.0,93.59,93.89,93.0,93.0,19482.0,422.98,424.5,422.955,424.09,35837.0,46.49,46.645,45.97,46.04,85739.0
2021-06-10 09:45:00-04:00,385.97,385.97,383.83,383.83,12970.0,93.075,93.165,92.83,92.84,14640.0,424.105,424.51,424.105,424.245,27751.0,46.02,46.045,45.88,45.91,30677.0
2021-06-10 10:00:00-04:00,383.965,385.55,383.965,385.01,8907.0,92.89,93.27,92.875,93.05,7249.0,424.365,424.62,423.73,423.8,31584.0,45.945,46.035,45.84,45.88,38363.0
2021-06-10 10:15:00-04:00,385.24,385.24,383.53,383.53,9039.0,93.1,93.135,92.76,92.76,8233.0,423.83,424.015,423.63,423.73,14375.0,45.895,45.915,45.675,45.69,23453.0
2021-06-10 10:30:00-04:00,383.81,384.17,382.65,383.36,12388.0,92.86,92.86,92.48,92.58,21063.0,423.87,423.87,422.96,422.96,24434.0,45.705,45.715,45.55,45.58,20996.0
2021-06-10 10:45:00-04:00,383.21,383.37,381.99,383.065,10605.0,92.51,92.64,92.32,92.62,9251.0,422.985,422.985,421.64,422.46,26954.0,45.56,45.605,45.48,45.595,30720.0
2021-06-10 11:00:00-04:00,382.97,383.78,382.97,383.42,6054.0,92.6,92.76,92.6,92.6,7257.0,422.43,422.77,422.16,422.75,8864.0,45.595,45.685,45.51,45.52,28370.0
2021-06-10 11:15:00-04:00,383.47,383.925,382.99,383.18,6301.0,92.625,92.67,92.545,92.59,11201.0,422.7,423.19,422.7,423.19,13084.0,45.53,45.57,45.485,45.53,22237.0
2021-06-10 11:30:00-04:00,383.28,383.73,382.82,383.2,4775.0,92.595,92.645,92.41,92.445,10979.0,423.21,423.4,422.89,423.14,8701.0,45.53,45.53,45.42,45.45,14789.0
2021-06-10 11:45:00-04:00,383.24,383.46,382.99,383.405,3111.0,92.505,92.545,92.445,92.545,10158.0,423.2,423.49,423.15,423.45,12627.0,45.46,45.49,45.43,45.48,11572.0
2021-06-10 12:00:00-04:00,383.505,383.585,382.09,382.225,4111.0,92.545,92.58,92.27,92.275,11106.0,423.45,423.57,423.11,423.14,13613.0,45.49,45.5,45.3,45.3,21033.0
2021-06-10 12:15:00-04:00,382.42,382.595,382.37,382.53,2603.0,92.335,92.415,92.325,92.38,13360.0,423.345,423.48,423.24,423.24,8175.0,45.31,45.41,45.31,45.4,8467.0
2021-06-10 12:30:00-04:00,382.575,382.575,381.64,381.74,7115.0,92.415,92.49,92.36,92.415,11284.0,423.29,423.82,423.28,423.805,25763.0,45.41,45.44,45.37,45.435,14637.0
2021-06-10 12:45:00-04:00,381.74,381.91,381.35,381.68,3998.0,92.425,92.45,92.35,92.44,7637.0,423.81,423.91,423.745,423.9,17296.0,45.42,45.43,45.375,45.4,12222.0
2021-06-10 13:00:00-04:00,381.95,382.06,381.67,381.67,3945.0,92.43,92.54,92.4,92.44,9448.0,423.92,424.05,423.695,423.98,20706.0,45.405,45.435,45.375,45.38,14221.0
2021-06-10 13:15:00-04:00,381.54,381.6,381.21,381.21,2327.0,92.425,92.465,92.35,92.425,7659.0,423.99,424.035,423.74,423.745,8143.0,45.38,45.415,45.36,45.37,14622.0
2021-06-10 13:30:00-04:00,381.23,381.565,380.85,381.565,3376.0,92.42,92.54,92.36,92.455,46794.0,423.75,423.85,423.55,423.85,11852.0,45.37,45.39,45.345,45.36,13161.0
2021-06-10 13:45:00-04:00,381.605,381.68,381.46,381.465,1820.0,92.5,92.545,92.42,92.5,6402.0,423.835,424.09,423.835,424.08,20683.0,45.36,45.425,45.355,45.39,20661.0
2021-06-10 14:00:00-04:00,381.555,381.745,381.315,381.71,4293.0,92.52,92.705,92.495,92.685,11860.0,424.08,424.09,423.89,423.98,12427.0,45.39,45.445,45.355,45.42,22397.0
2021-06-10 14:15:00-04:00,381.64,381.64,380.78,380.78,3811.0,92.715,92.715,92.42,92.43,7367.0,423.95,424.02,423.65,423.67,17099.0,45.42,45.45,45.36,45.365,15690.0
2021-06-10 14:30:00-04:00,380.93,380.98,380.69,380.87,4101.0,92.46,92.47,92.395,92.45,6553.0,423.66,423.755,423.61,423.63,7227.0,45.37,45.385,45.33,45.37,20376.0
2021-06-10 14:45:00-04:00,380.66,381.27,380.66,381.09,4800.0,92.42,92.485,92.365,92.445,10528.0,423.61,423.85,423.42,423.83,18960.0,45.355,45.405,45.325,45.4,16928.0
2021-06-10 15:00:00-04:00,381.0,381.015,378.76,378.815,11502.0,92.435,92.445,92.135,92.165,13043.0,423.77,423.79,423.38,423.595,24321.0,45.39,45.395,45.3,45.315,26109.0
2021-06-10 15:15:00-04:00,378.86,378.86,376.045,376.1,19609.0,92.175,92.18,91.89,91.89,11829.0,423.595,423.655,423.36,423.48,22842.0,45.315,45.325,45.22,45.235,28602.0
2021-06-10 15:30:00-04:00,376.14,376.57,374.12,374.12,26928.0,91.9,92.02,91.81,91.82,14293.0,423.47,423.66,423.28,423.36,32059.0,45.23,45.36,45.215,45.285,51773.0
2021-06-10 15:45:00-04:00,374.155,374.155,372.36,373.75,51035.0,91.82,91.84,91.53,91.645,27357.0,423.34,423.72,423.18,423.54,93407.0,45.28,45.28,45.02,45.075,116355.0
2021-06-11 09:30:00-04:00,376.245,378.5,375.83,377.12,9822.0,91.92,92.55,91.9,92.09,13708.0,424.2,424.4,423.91,424.16,22451.0,45.185,45.44,45.18,45.25,39385.0
2021-06-11 09:45:00-04:00,377.46,378.23,377.24,377.78,7590.0,92.11,92.32,92.035,92.18,7396.0,424.13,424.28,423.82,423.91,15295.0,45.255,45.35,45.19,45.32,47292.0
2021-06-11 10:00:00-04:00,377.68,377.68,375.955,375.98,7466.0,92.195,92.38,91.77,91.855,17966.0,424.13,424.24,423.74,423.95,17442.0,45.33,45.475,45.32,45.425,34905.0
2021-06-11 10:15:00-04:00,376.19,376.24,375.36,375.97,4828.0,91.84,91.91,91.725,91.78,58326.0,423.89,423.91,423.45,423.62,18024.0,45.435,45.55,45.4,45.52,24944.0
2021-06-11 10:30:00-04:00,375.54,376.67,375.54,376.58,2583.0,91.78,92.025,91.76,92.02,6537.0,423.57,423.69,423.24,423.375,13909.0,45.515,45.64,45.47,45.61,24074.0
2021-06-11 10:45:00-04:00,375.96,376.43,375.9,376.3,1707.0,91.97,92.035,91.89,92.025,5824.0,423.32,423.505,423.23,423.32,12706.0,45.6,45.635,45.53,45.54,22416.0
2021-06-11 11:00:00-04:00,376.17,376.8,375.97,376.34,4051.0,91.99,92.115,91.96,92.02,4987.0,423.28,423.45,423.04,423.41,14068.0,45.515,45.55,45.44,45.45,18444.0
2021-06-11 11:15:00-04:00,376.14,376.47,375.73,376.47,4425.0,92.01,92.025,91.78,91.885,15782.0,423.38,423.52,423.25,423.47,14853.0,45.47,45.48,45.35,45.425,26855.0
2021-06-11 11:30:00-04:00,376.51,377.735,376.49,377.61,6386.0,91.87,92.175,91.87,92.175,3354.0,423.48,423.6,423.34,423.4,8981.0,45.42,45.55,45.41,45.53,17436.0
2021-06-11 11:45:00-04:00,377.54,377.565,377.01,377.2,1507.0,92.18,92.2,92.03,92.105,5561.0,423.44,423.6,423.275,423.36,8057.0,45.55,45.585,45.535,45.57,9720.0
2021-06-11 12:00:00-04:00,377.44,377.44,376.38,376.38,351.0,92.13,92.195,92.01,92.02,6112.0,423.38,423.44,423.14,423.24,13093.0,45.56,45.635,45.475,45.505,10898.0
2021-06-11 12:15:00-04:00,376.2,376.2,375.96,375.96,1713.0,91.98,91.98,91.83,91.86,7282.0,423.26,423.32,422.97,422.99,12604.0,45.52,45.52,45.425,45.475,15120.0
2021-06-11 12:30:00-04:00,375.7,375.77,375.11,375.77,2049.0,91.845,91.945,91.775,91.945,7867.0,422.98,423.07,422.845,422.93,30759.0,45.465,45.465,45.39,45.45,13318.0
2021-06-11 12:45:00-04:00,375.84,376.03,375.84,376.03,388.0,91.97,92.05,91.965,92.02,4353.0,422.99,423.23,422.97,423.19,14496.0,45.46,45.495,45.435,45.48,11901.0
2021-06-11 13:00:00-04:00,376.57,376.79,376.57,376.79,213.0,92.05,92.14,92.03,92.14,4137.0,423.2,423.2,423.03,423.145,7984.0,45.485,45.61,45.475,45.595,20574.0
2021-06-11 13:15:00-04:00,376.97,376.97,376.6,376.6,980.0,92.18,92.19,92.07,92.07,2237.0,423.16,423.3,423.145,423.25,14888.0,45.605,45.61,45.55,45.55,12604.0
2021-06-11 13:30:00-04:00,376.46,376.59,376.41,376.41,962.0,92.04,92.08,91.91,91.95,4693.0,423.25,423.365,423.25,423.365,8946.0,45.54,45.545,45.495,45.505,8698.0
2021-06-11 13:45:00-04:00,376.49,376.49,376.18,376.19,1728.0,91.96,92.02,91.9,91.93,4347.0,423.35,423.525,423.35,423.49,29349.0,45.505,45.53,45.5,45.51,11602.0
2021-06-11 14:00:00-04:00,376.22,376.34,375.91,375.94,1923.0,91.94,91.97,91.885,91.885,2733.0,423.49,423.73,423.49,423.73,10430.0,45.51,45.51,45.465,45.48,15196.0
2021-06-11 14:15:00-04:00,376.165,376.52,376.15,376.52,1133.0,91.92,91.93,91.855,91.9,2592.0,423.73,423.765,423.58,423.75,7560.0,45.47,45.49,45.44,45.48,16506.0
2021-06-11 14:30:00-04:00,376.62,377.16,376.62,376.715,1596.0,91.915,91.97,91.89,91.89,3866.0,423.76,423.85,423.76,423.77,15278.0,45.5,45.565,45.5,45.515,16549.0
2021-06-11 14:45:00-04:00,376.55,377.07,376.55,376.94,966.0,91.92,92.01,91.92,92.0,3160.0,423.79,423.79,423.58,423.78,30275.0,45.52,45.55,45.505,45.535,13172.0
2021-06-11 15:00:00-04:00,377.375,377.375,377.375,377.375,111.0,92.0,92.08,92.0,92.02,2872.0,423.76,423.79,423.47,423.47,30740.0,45.535,45.615,45.535,45.54,17522.0
2021-06-11 15:15:00-04:00,377.8,377.81,377.53,377.67,1444.0,92.015,92.11,92.01,92.06,2660.0,423.51,423.68,423.5,423.53,11793.0,45.53,45.565,45.52,45.55,17814.0
2021-06-11 15:30:00-04:00,377.69,377.89,377.57,377.61,5216.0,92.07,92.095,91.915,91.915,9095.0,423.53,423.69,423.43,423.67,28234.0,45.55,45.57,45.505,45.53,20146.0
2021-06-11 15:45:00-04:00,377.645,378.23,377.285,378.19,6836.0,91.915,92.045,91.825,92.045,43147.0,423.68,424.395,423.635,424.38,77554.0,45.53,45.685,45.465,45.68,78186.0
2021-06-14 09:30:00-04:00,377.64,378.74,375.85,376.36,8365.0,91.79,91.87,90.75,90.88,16702.0,424.43,424.45,423.7,423.935,26000.0,45.6,45.86,45.565,45.565,37956.0
2021-06-14 09:45:00-04:00,376.41,376.94,375.59,376.335,4475.0,90.88,91.0,90.76,90.96,10476.0,423.945,424.25,423.72,423.925,16049.0,45.56,45.59,45.255,45.29,51631.0
2021-06-14 10:00:00-04:00,376.17,376.83,375.65,376.42,5283.0,90.98,91.33,90.88,91.16,9543.0,424.0,424.01,423.35,423.545,29803.0,45.29,45.43,45.23,45.4,26773.0
2021-06-14 10:15:00-04:00,376.545,377.68,376.545,377.49,4567.0,91.17,91.45,91.16,91.29,4846.0,423.515,423.68,423.44,423.54,20343.0,45.39,45.495,45.38,45.43,22487.0
2021-06-14 10:30:00-04:00,377.41,377.88,377.19,377.2,4001.0,91.25,91.33,91.09,91.12,7941.0,423.515,423.78,423.26,423.47,57351.0,45.41,45.48,45.38,45.43,17234.0
2021-06-14 10:45:00-04:00,376.62,376.75,376.45,376.75,1103.0,91.14,91.165,90.975,90.98,7103.0,423.47,423.75,423.35,423.74,18300.0,45.44,45.47,45.38,45.41,18156.0
2021-06-14 11:00:00-04:00,376.65,376.65,373.94,374.35,5849.0,90.99,91.05,90.495,90.58,15167.0,423.79,423.98,423.64,423.7,20753.0,45.415,45.45,45.15,45.155,45380.0
2021-06-14 11:15:00-04:00,374.49,374.63,373.41,373.59,5612.0,90.55,90.65,90.51,90.62,4149.0,423.67,423.67,423.415,423.49,19477.0,45.14,45.17,45.03,45.07,31658.0
2021-06-14 11:30:00-04:00,373.9,373.9,372.47,373.66,4622.0,90.57,90.865,90.37,90.865,9635.0,423.515,423.515,423.23,423.43,20583.0,45.075,45.095,44.855,44.995,56392.0
2021-06-14 11:45:00-04:00,373.71,373.92,373.27,373.28,1130.0,90.865,91.04,90.84,90.96,16553.0,423.41,423.53,423.385,423.4,19693.0,45.0,45.03,44.915,44.92,30640.0
2021-06-14 12:00:00-04:00,373.47,373.73,372.61,372.83,5402.0,90.975,91.14,90.815,90.87,21343.0,423.42,423.59,423.345,423.55,7421.0,44.925,44.96,44.84,44.91,29772.0
2021-06-14 12:15:00-04:00,373.0,373.53,372.975,373.08,4183.0,90.86,90.905,90.79,90.81,10183.0,423.56,423.59,423.365,423.42,12649.0,44.915,45.01,44.9,45.01,20064.0
2021-06-14 12:30:00-04:00,372.735,373.06,372.735,372.885,1963.0,90.765,90.785,90.655,90.74,8196.0,423.37,423.37,423.16,423.17,12908.0,45.0,45.05,44.95,44.955,19790.0
2021-06-14 12:45:00-04:00,373.05,373.05,372.49,372.76,1170.0,90.755,90.85,90.73,90.79,6422.0,423.16,423.3,423.11,423.16,10723.0,44.975,45.035,44.975,45.03,14787.0
2021-06-14 13:00:00-04:00,372.53,373.05,372.28,373.02,2090.0,90.78,90.86,90.72,90.845,7319.0,423.17,423.34,423.1,423.34,6532.0,45.025,45.095,44.995,45.095,17983.0
2021-06-14 13:15:00-04:00,373.03,373.34,372.96,373.02,1877.0,90.82,90.87,90.73,90.76,7714.0,423.3,423.4,423.25,423.4,11194.0,45.09,45.12,45.065,45.11,13137.0
2021-06-14 13:30:00-04:00,373.18,373.18,372.42,372.46,2912.0,90.77,90.77,90.575,90.6,4852.0,423.4,423.495,423.375,423.375,20404.0,45.13,45.14,45.02,45.02,14192.0
2021-06-14 13:45:00-04:00,372.475,372.79,371.94,371.96,2874.0,90.57,90.615,90.42,90.45,6270.0,423.39,423.5,423.25,423.275,12999.0,45.02,45.055,44.98,44.98,17059.0
2021-06-14 14:00:00-04:00,372.025,372.185,371.8,371.83,4719.0,90.465,90.58,90.465,90.52,4139.0,423.34,423.39,423.26,423.28,9730.0,45.0,45.035,45.0,45.02,16350.0
2021-06-14 14:15:00-04:00,371.85,371.85,371.605,371.63,1034.0,90.5,90.52,90.37,90.405,4348.0,423.28,423.35,423.18,423.18,21154.0,45.02,45.025,44.9,44.91,23022.0
2021-06-14 14:30:00-04:00,371.16,371.26,370.945,371.0,2912.0,90.39,90.39,90.16,90.205,11305.0,423.185,423.54,423.16,423.53,35473.0,44.915,44.925,44.86,44.91,15714.0
2021-06-14 14:45:00-04:00,371.06,371.635,371.06,371.34,3341.0,90.205,90.37,90.16,90.17,7073.0,423.53,423.59,423.48,423.53,13523.0,44.925,45.045,44.925,44.965,21093.0
2021-06-14 15:00:00-04:00,371.37,371.69,371.04,371.58,3530.0,90.18,90.21,90.075,90.075,13123.0,423.52,423.675,423.44,423.48,20291.0,44.97,45.03,44.955,45.0,21423.0
2021-06-14 15:15:00-04:00,371.36,371.4,370.76,370.76,3371.0,90.08,90.095,89.935,90.0,13614.0,423.48,423.73,423.43,423.73,36003.0,44.99,45.0,44.93,44.96,23560.0
2021-06-14 15:30:00-04:00,371.165,371.7,370.83,371.63,11068.0,89.995,90.335,89.9,90.33,13205.0,423.7,424.15,423.7,424.15,67994.0,44.96,45.015,44.905,45.005,49563.0
2021-06-14 15:45:00-04:00,371.56,372.96,371.42,372.96,14807.0,90.29,90.72,90.28,90.72,22181.0,424.135,425.245,424.085,425.235,86616.0,44.995,45.14,44.985,45.13,74567.0
2021-06-15 09:30:00-04:00,373.52,374.74,371.46,371.47,11393.0,90.96,91.14,90.54,90.57,12916.0,425.45,425.45,424.66,424.835,17147.0,45.2,45.52,45.2,45.36,87114.0
2021-06-15 09:45:00-04:00,371.6,371.99,370.79,371.41,6917.0,90.54,90.69,90.42,90.6,10482.0,424.84,425.005,424.59,424.675,14525.0,45.37,45.655,45.36,45.65,64848.0
2021-06-15 10:00:00-04:00,371.49,371.88,369.26,369.51,9032.0,90.61,90.77,90.21,90.25,7613.0,424.76,424.76,424.34,424.44,12503.0,45.65,45.715,45.47,45.5,47037.0
2021-06-15 10:15:00-04:00,369.46,370.255,368.615,368.755,7087.0,90.25,90.51,90.14,90.18,6097.0,424.45,424.72,424.25,424.32,16268.0,45.495,45.585,45.41,45.465,43372.0
2021-06-15 10:30:00-04:00,369.005,370.13,368.98,369.97,4269.0,90.17,90.45,90.115,90.33,8132.0,424.39,424.45,424.15,424.15,14202.0,45.48,45.48,45.365,45.39,43956.0
2021-06-15 10:45:00-04:00,369.78,369.78,369.13,369.45,3376.0,90.31,90.36,90.22,90.315,6410.0,424.09,424.24,424.025,424.06,25394.0,45.38,45.38,45.2,45.205,29262.0
2021-06-15 11:00:00-04:00,369.445,369.72,368.97,369.71,3794.0,90.22,90.3,90.14,90.245,6696.0,424.02,424.21,423.91,424.08,24874.0,45.205,45.26,45.15,45.25,34724.0
2021-06-15 11:15:00-04:00,369.35,369.98,369.35,369.69,1666.0,90.19,90.37,90.17,90.32,7030.0,424.12,424.35,424.03,424.14,17753.0,45.245,45.29,45.195,45.25,19742.0
2021-06-15 11:30:00-04:00,368.98,369.03,368.65,368.72,5337.0,90.25,90.25,90.035,90.135,6922.0,424.08,424.08,423.56,423.94,33191.0,45.25,45.25,45.1,45.13,34403.0
2021-06-15 11:45:00-04:00,368.95,369.0,367.485,367.68,4332.0,90.12,90.15,89.92,89.95,6305.0,423.92,423.98,423.68,423.9,14136.0,45.13,45.135,45.06,45.075,13315.0
2021-06-15 12:00:00-04:00,367.565,368.48,367.17,368.48,4661.0,89.93,90.07,89.92,90.0,4739.0,423.95,424.23,423.95,424.16,12493.0,45.09,45.12,45.0,45.05,22163.0
2021-06-15 12:15:00-04:00,368.49,369.6,368.49,369.55,2047.0,89.99,90.12,89.99,90.095,5955.0,424.16,424.425,424.13,424.415,13902.0,45.06,45.12,45.06,45.11,17519.0
2021-06-15 12:30:00-04:00,369.55,370.45,369.55,370.38,3564.0,90.095,90.31,90.095,90.22,6849.0,424.43,424.48,424.13,424.18,27130.0,45.12,45.18,45.075,45.13,46663.0
2021-06-15 12:45:00-04:00,370.46,371.855,370.46,371.8,2297.0,90.22,90.58,90.21,90.58,12431.0,424.16,424.28,424.035,424.18,21213.0,45.135,45.385,45.125,45.38,27870.0
2021-06-15 13:00:00-04:00,371.75,372.05,371.67,371.75,4296.0,90.61,90.695,90.525,90.655,9753.0,424.21,424.345,424.04,424.24,11845.0,45.37,45.41,45.32,45.41,40203.0
2021-06-15 13:15:00-04:00,371.81,371.92,371.565,371.565,1756.0,90.64,90.645,90.51,90.63,5312.0,424.2,424.2,423.98,424.1,9668.0,45.41,45.42,45.355,45.395,8123.0
2021-06-15 13:30:00-04:00,371.82,371.83,371.58,371.76,4710.0,90.61,90.68,90.545,90.575,16346.0,424.16,424.38,424.14,424.3,18207.0,45.4,45.46,45.4,45.45,12193.0
2021-06-15 13:45:00-04:00,371.79,372.8,371.79,372.8,6911.0,90.575,90.77,90.535,90.69,14527.0,424.31,424.73,424.25,424.65,15850.0,45.45,45.56,45.45,45.52,27885.0
2021-06-15 14:00:00-04:00,372.59,372.8,372.06,372.06,3823.0,90.715,90.855,90.645,90.65,6813.0,424.71,425.0,424.47,424.47,24519.0,45.52,45.615,45.52,45.535,30786.0
2021-06-15 14:15:00-04:00,372.16,372.605,371.84,372.0,4800.0,90.685,90.83,90.595,90.72,12686.0,424.42,424.69,424.42,424.61,17586.0,45.55,45.61,45.495,45.52,30924.0
2021-06-15 14:30:00-04:00,371.81,372.02,371.44,372.02,1544.0,90.7,90.815,90.655,90.7,15152.0,424.57,424.59,424.45,424.56,17317.0,45.53,45.58,45.48,45.565,27831.0
2021-06-15 14:45:00-04:00,371.95,372.39,371.94,372.39,1252.0,90.745,91.01,90.7,90.94,12594.0,424.58,424.995,424.57,424.72,18273.0,45.57,45.64,45.56,45.605,17850.0
2021-06-15 15:00:00-04:00,372.09,372.235,371.915,371.915,835.0,90.9,91.03,90.86,90.885,5208.0,424.61,424.69,424.29,424.58,33676.0,45.6,45.61,45.5,45.5,27017.0
2021-06-15 15:15:00-04:00,371.955,372.24,371.92,372.24,1952.0,90.88,91.01,90.88,90.92,5360.0,424.56,424.79,424.32,424.39,27673.0,45.5,45.52,45.435,45.455,36219.0
2021-06-15 15:30:00-04:00,371.845,372.065,371.24,371.96,4025.0,90.85,90.945,90.76,90.86,7010.0,424.43,424.635,424.03,424.555,36090.0,45.45,45.485,45.395,45.44,59883.0
2021-06-15 15:45:00-04:00,371.875,372.25,370.63,371.25,15036.0,90.86,90.935,90.485,90.54,24871.0,424.545,424.95,424.14,424.51,72174.0,45.44,45.52,45.38,45.44,86650.0
2021-06-16 09:30:00-04:00,370.665,370.77,367.31,367.79,11537.0,90.6,91.325,90.4,90.61,51013.0,424.7,424.83,424.29,424.35,12594.0,44.95,44.98,44.58,44.59,40796.0
2021-06-16 09:45:00-04:00,367.75,368.24,366.65,367.83,7193.0,90.48,90.53,90.05,90.21,23490.0,424.29,424.33,424.2,424.33,6670.0,44.61,44.61,44.37,44.54,42952.0
2021-06-16 10:00:00-04:00,368.14,368.275,367.22,367.37,5792.0,90.285,90.35,89.81,89.845,21311.0,424.335,424.58,424.185,424.31,19757.0,44.53,44.53,44.325,44.415,42700.0
2021-06-16 10:15:00-04:00,368.125,368.23,366.99,367.31,4974.0,89.85,90.03,89.78,89.83,11784.0,424.295,424.38,424.21,424.28,9453.0,44.415,44.485,44.395,44.485,42989.0
2021-06-16 10:30:00-04:00,367.23,369.375,367.05,369.27,5410.0,89.83,90.27,89.81,90.2,12214.0,424.275,424.355,424.08,424.165,8376.0,44.46,44.61,44.445,44.61,36460.0
2021-06-16 10:45:00-04:00,369.59,369.68,369.14,369.19,4549.0,90.21,90.36,90.13,90.18,22469.0,424.145,424.24,424.08,424.2,6598.0,44.605,44.7,44.605,44.635,29200.0
2021-06-16 11:00:00-04:00,369.07,369.77,369.07,369.22,1224.0,90.15,90.4,90.14,90.22,17542.0,424.22,424.315,424.12,424.315,6938.0,44.625,44.765,44.57,44.58,55973.0
2021-06-16 11:15:00-04:00,369.38,369.55,369.16,369.55,1665.0,90.28,90.34,90.215,90.33,10125.0,424.37,424.56,424.36,424.495,9891.0,44.585,44.8,44.58,44.78,26936.0
2021-06-16 11:30:00-04:00,369.675,370.15,369.675,369.81,2744.0,90.37,90.53,90.365,90.415,20649.0,424.495,424.495,424.2,424.29,8379.0,44.78,44.87,44.77,44.855,56446.0
2021-06-16 11:45:00-04:00,369.9,370.05,369.84,369.955,1687.0,90.415,90.51,90.39,90.39,19916.0,424.26,424.4,424.23,424.23,9747.0,44.85,44.905,44.83,44.865,40762.0
2021-06-16 12:00:00-04:00,369.79,370.005,369.4,369.4,3120.0,90.4,90.435,90.26,90.33,14877.0,424.27,424.33,423.745,423.76,13363.0,44.865,44.925,44.845,44.87,34547.0
2021-06-16 12:15:00-04:00,369.24,369.41,368.93,368.98,2752.0,90.33,90.385,90.24,90.325,8707.0,423.745,423.805,423.28,423.54,16797.0,44.87,44.88,44.81,44.81,34934.0
2021-06-16 12:30:00-04:00,368.75,368.75,368.15,368.27,626.0,90.33,90.33,90.1,90.155,10311.0,423.54,423.62,423.31,423.54,5273.0,44.805,44.805,44.685,44.735,31231.0
2021-06-16 12:45:00-04:00,368.08,368.105,367.46,368.105,1056.0,90.095,90.095,89.845,89.995,9945.0,423.43,423.5,423.235,423.5,9848.0,44.73,44.73,44.595,44.62,34441.0
2021-06-16 13:00:00-04:00,368.01,368.01,367.44,367.44,1466.0,90.01,90.01,89.655,89.685,17753.0,423.48,423.62,423.38,423.6,8275.0,44.62,44.645,44.58,44.635,48961.0
2021-06-16 13:15:00-04:00,367.11,367.11,366.235,366.31,1399.0,89.675,89.685,89.51,89.51,12732.0,423.58,423.58,423.0,423.125,36611.0,44.635,44.635,44.45,44.46,40935.0
2021-06-16 13:30:00-04:00,366.37,366.7,366.06,366.49,2911.0,89.545,89.73,89.53,89.7,16860.0,423.085,423.47,423.085,423.19,13127.0,44.475,44.585,44.46,44.52,34211.0
2021-06-16 13:45:00-04:00,366.9,366.9,366.34,366.63,1909.0,89.7,89.86,89.53,89.79,13249.0,423.175,423.31,422.61,423.16,30983.0,44.525,44.63,44.505,44.62,31521.0
2021-06-16 14:00:00-04:00,366.08,373.96,365.69,371.88,19890.0,89.625,91.53,89.53,91.03,55801.0,423.12,423.12,419.97,421.48,169720.0,44.61,45.96,44.47,45.61,132580.0
2021-06-16 14:15:00-04:00,371.94,372.15,370.61,371.09,16517.0,91.05,91.05,90.79,90.89,36205.0,421.285,421.74,420.35,421.58,40341.0,45.585,45.76,45.5,45.67,56381.0
2021-06-16 14:30:00-04:00,370.71,371.36,369.29,370.82,4865.0,90.84,91.0,90.52,90.76,40302.0,421.22,421.75,420.03,420.03,50238.0,45.655,45.67,45.42,45.52,115620.0
2021-06-16 14:45:00-04:00,370.37,370.37,368.99,370.15,4994.0,90.74,90.985,90.455,90.94,14635.0,420.0,421.87,419.99,421.74,66211.0,45.51,45.55,45.28,45.42,81353.0
2021-06-16 15:00:00-04:00,369.27,370.705,369.23,370.54,3665.0,90.79,91.25,90.725,91.22,8957.0,421.65,422.9,421.5,422.83,67581.0,45.4,45.535,45.335,45.51,66787.0
2021-06-16 15:15:00-04:00,371.08,372.68,371.08,372.64,4850.0,91.27,91.555,91.26,91.28,15214.0,422.85,423.59,422.78,422.95,74783.0,45.515,45.69,45.51,45.525,92612.0
2021-06-16 15:30:00-04:00,371.28,372.01,370.91,371.63,4180.0,91.26,91.605,91.16,91.415,13924.0,423.04,423.58,422.5,422.835,61151.0,45.54,45.665,45.5,45.535,91153.0
2021-06-16 15:45:00-04:00,371.43,372.04,370.87,370.87,19176.0,91.3,91.36,91.1,91.1,29161.0,422.78,422.815,422.03,422.04,73277.0,45.535,45.78,45.475,45.545,293214.0
2021-06-17 09:30:00-04:00,373.24,373.24,368.54,368.54,8854.0,91.71,91.715,90.51,90.51,15770.0,421.64,422.89,421.64,421.83,65629.0,45.84,45.94,45.16,45.19,72542.0
2021-06-17 09:45:00-04:00,368.545,369.29,367.41,367.41,5590.0,90.56,90.68,90.09,90.13,12567.0,421.88,422.115,421.62,421.85,31616.0,45.215,45.35,45.08,45.165,29442.0
2021-06-17 10:00:00-04:00,367.51,367.9,364.51,364.93,8338.0,90.15,90.26,89.36,89.41,11470.0,421.845,422.28,421.11,421.41,57142.0,45.16,45.21,44.67,44.7,51253.0
2021-06-17 10:15:00-04:00,365.02,365.58,364.63,365.0,4586.0,89.43,89.64,89.365,89.49,6866.0,421.38,422.27,421.31,422.08,22556.0,44.69,44.79,44.56,44.67,42991.0
2021-06-17 10:30:00-04:00,364.67,366.06,364.32,365.98,7779.0,89.44,89.63,89.38,89.56,15165.0,422.06,422.92,422.06,422.725,34662.0,44.62,44.85,44.58,44.74,24123.0
2021-06-17 10:45:00-04:00,365.9,365.91,364.28,364.635,21195.0,89.52,89.52,88.76,88.76,11261.0,422.79,422.84,421.8,421.86,17678.0,44.75,44.75,44.36,44.37,33987.0
2021-06-17 11:00:00-04:00,364.47,364.69,362.41,362.58,12387.0,88.79,88.79,88.08,88.2,21007.0,421.88,421.9,421.31,421.4,27971.0,44.375,44.4,44.11,44.14,40319.0
2021-06-17 11:15:00-04:00,362.8,362.8,361.13,361.7,5401.0,88.23,88.38,87.9,88.07,16518.0,421.42,422.115,421.42,422.115,26381.0,44.13,44.2,43.845,43.885,44865.0
2021-06-17 11:30:00-04:00,361.75,362.955,361.75,361.76,3760.0,88.06,88.24,87.95,88.04,13619.0,422.11,422.62,422.11,422.36,32767.0,43.88,43.98,43.81,43.82,32150.0
2021-06-17 11:45:00-04:00,362.0,362.0,358.55,358.73,4477.0,88.09,88.09,87.215,87.35,23065.0,422.4,422.56,421.18,421.25,23438.0,43.83,43.875,43.41,43.53,177810.0
2021-06-17 12:00:00-04:00,358.55,359.01,358.12,358.49,3866.0,87.31,87.55,87.31,87.53,10033.0,421.23,421.39,420.91,421.24,46474.0,43.5,43.62,43.5,43.555,38550.0
2021-06-17 12:15:00-04:00,358.15,358.4,356.97,357.3,15818.0,87.45,87.45,87.11,87.18,15860.0,421.12,421.12,419.45,419.7,64383.0,43.56,43.56,43.36,43.4,50368.0
2021-06-17 12:30:00-04:00,356.67,359.15,356.67,358.63,9520.0,87.1,87.655,87.1,87.48,12142.0,419.44,420.64,419.35,420.51,43719.0,43.38,43.495,43.315,43.38,50437.0
2021-06-17 12:45:00-04:00,358.14,359.08,358.14,359.02,3815.0,87.485,87.78,87.485,87.76,23972.0,420.51,421.12,420.41,421.12,30955.0,43.38,43.545,43.305,43.53,48576.0
2021-06-17 13:00:00-04:00,359.42,360.72,359.42,360.72,5973.0,87.75,88.02,87.75,88.02,9820.0,421.24,422.08,421.21,421.845,29912.0,43.52,43.66,43.49,43.54,32381.0
2021-06-17 13:15:00-04:00,360.57,360.87,360.04,360.32,5075.0,88.04,88.055,87.735,87.835,14682.0,421.895,422.22,421.78,422.21,19809.0,43.535,43.59,43.41,43.43,25737.0
2021-06-17 13:30:00-04:00,360.22,360.29,359.57,359.76,2694.0,87.83,87.95,87.64,87.835,8841.0,422.24,422.55,422.1,422.51,20847.0,43.43,43.51,43.34,43.42,26563.0
2021-06-17 13:45:00-04:00,360.26,360.71,359.93,360.27,1956.0,87.915,88.02,87.84,87.9,9733.0,422.54,422.605,421.95,422.19,24159.0,43.42,43.55,43.37,43.455,48548.0
2021-06-17 14:00:00-04:00,360.61,360.61,359.8,360.15,2646.0,87.89,87.99,87.655,87.74,11490.0,422.24,422.34,421.88,422.15,28929.0,43.465,43.49,43.315,43.355,66200.0
2021-06-17 14:15:00-04:00,360.08,360.98,359.84,360.73,7104.0,87.73,87.75,87.56,87.65,9885.0,422.24,422.36,422.02,422.275,19816.0,43.37,43.385,43.145,43.145,49472.0
2021-06-17 14:30:00-04:00,360.655,360.73,359.51,359.76,3113.0,87.66,87.66,87.395,87.395,12383.0,422.25,422.25,421.805,422.08,32982.0,43.135,43.135,42.96,42.985,47628.0
2021-06-17 14:45:00-04:00,359.59,359.93,359.09,359.87,2075.0,87.395,87.565,87.255,87.555,10484.0,422.04,422.08,421.675,421.91,23176.0,42.95,43.035,42.91,42.99,51661.0
2021-06-17 15:00:00-04:00,359.41,360.94,359.38,360.94,4012.0,87.515,87.805,87.385,87.805,9265.0,421.89,422.73,421.605,422.7,34081.0,42.99,43.05,42.9,43.005,72685.0
2021-06-17 15:15:00-04:00,360.795,362.5,360.76,362.5,18882.0,87.795,87.97,87.77,87.92,17198.0,422.69,422.71,422.39,422.545,64487.0,43.01,43.06,42.905,43.0,66276.0
2021-06-17 15:30:00-04:00,362.58,363.145,362.17,362.18,12457.0,87.995,88.2,87.88,88.04,20446.0,422.58,422.965,422.38,422.71,87532.0,43.01,43.065,42.915,42.915,96445.0
2021-06-17 15:45:00-04:00,362.38,362.65,361.405,361.55,22974.0,88.02,88.17,87.88,87.925,62128.0,422.655,423.0,421.83,422.02,151637.0,42.91,42.94,42.665,42.81,279864.0
2021-06-18 09:30:00-04:00,356.34,357.66,353.43,353.5,23436.0,86.17,86.87,85.71,86.03,39278.0,417.07,417.77,416.58,417.695,106809.0,41.67,42.24,41.52,41.68,92445.0
2021-06-18 09:45:00-04:00,353.52,353.52,351.35,352.68,23476.0,86.01,86.055,85.19,85.585,31732.0,417.59,417.82,416.33,417.26,93144.0,41.645,41.89,41.605,41.89,62057.0
2021-06-18 10:00:00-04:00,352.89,353.54,351.375,351.63,19945.0,85.665,85.88,85.185,85.285,41531.0,417.31,417.31,416.24,417.04,75726.0,41.89,42.085,41.775,41.88,40178.0
2021-06-18 10:15:00-04:00,351.63,351.82,350.85,351.16,20006.0,85.27,85.27,84.895,85.02,32435.0,417.0,417.0,416.13,416.66,56992.0,41.895,41.9,41.48,41.54,72351.0
2021-06-18 10:30:00-04:00,351.21,351.96,350.49,350.92,22503.0,85.075,85.19,84.845,85.01,23792.0,416.6,417.2,415.86,416.725,49464.0,41.565,41.79,41.515,41.56,92884.0
2021-06-18 10:45:00-04:00,350.82,351.82,350.82,351.21,7217.0,85.01,85.245,84.91,85.15,45834.0,416.66,416.75,415.89,416.2,35042.0,41.555,41.82,41.51,41.73,43638.0
2021-06-18 11:00:00-04:00,351.31,352.85,351.31,352.43,8355.0,85.135,85.445,85.12,85.425,40161.0,416.14,416.52,415.74,415.75,41511.0,41.76,42.21,41.68,42.17,44777.0
2021-06-18 11:15:00-04:00,352.23,353.22,351.75,351.75,7167.0,85.445,85.61,85.24,85.265,28962.0,415.75,416.31,415.645,415.65,101408.0,42.15,42.245,42.035,42.11,76968.0
2021-06-18 11:30:00-04:00,352.05,353.63,352.05,353.185,10259.0,85.285,85.71,85.285,85.63,19952.0,415.67,416.88,415.6,416.53,60947.0,42.12,42.305,42.07,42.26,54322.0
2021-06-18 11:45:00-04:00,353.17,353.92,352.825,353.385,11424.0,85.64,85.64,85.39,85.555,10062.0,416.67,416.75,416.54,416.73,25884.0,42.255,42.3,42.06,42.11,44431.0
2021-06-18 12:00:00-04:00,352.41,352.63,352.41,352.63,517.0,85.56,85.64,85.43,85.445,12864.0,416.61,417.22,416.46,417.07,39519.0,42.08,42.115,42.01,42.055,35308.0
2021-06-18 12:15:00-04:00,352.43,352.43,351.77,352.02,3553.0,85.45,85.485,85.35,85.41,7038.0,417.03,417.24,416.95,417.23,12747.0,42.065,42.08,41.93,42.0,27678.0
2021-06-18 12:30:00-04:00,351.86,352.25,351.12,351.12,3602.0,85.355,85.45,85.095,85.13,19036.0,417.18,417.21,416.605,416.65,25287.0,41.99,41.99,41.83,41.88,27087.0
2021-06-18 12:45:00-04:00,351.06,351.22,350.78,350.78,3052.0,85.14,85.15,84.905,85.025,22838.0,416.6,416.77,416.32,416.66,37066.0,41.86,41.895,41.745,41.77,18192.0
2021-06-18 13:00:00-04:00,350.98,351.5,350.89,351.49,1375.0,85.02,85.15,84.97,85.105,8615.0,416.69,417.24,416.57,417.18,24456.0,41.775,41.895,41.775,41.89,21735.0
2021-06-18 13:15:00-04:00,351.58,352.07,351.27,351.27,4104.0,85.115,85.315,85.075,85.09,15895.0,417.18,417.2,416.48,416.53,17535.0,41.9,41.98,41.875,41.875,39513.0
2021-06-18 13:30:00-04:00,351.29,351.7,351.26,351.26,1983.0,85.08,85.325,85.075,85.165,19968.0,416.535,416.915,416.52,416.7,24313.0,41.87,41.995,41.855,41.93,41606.0
2021-06-18 13:45:00-04:00,350.79,350.8,350.15,350.33,4341.0,85.11,85.11,84.82,84.87,17329.0,416.71,416.71,416.08,416.635,30169.0,41.93,41.935,41.805,41.855,41524.0
2021-06-18 14:00:00-04:00,350.43,351.17,350.43,350.67,2882.0,84.865,85.225,84.83,84.955,13044.0,416.63,417.08,416.4,416.825,22147.0,41.85,41.97,41.815,41.92,28292.0
2021-06-18 14:15:00-04:00,350.85,350.85,350.51,350.59,1950.0,85.0,85.03,84.895,85.015,8193.0,416.77,416.97,416.57,416.77,21350.0,41.925,41.97,41.885,41.94,32192.0
2021-06-18 14:30:00-04:00,350.46,350.56,349.94,350.14,3796.0,84.995,84.995,84.69,84.7,14687.0,416.825,416.83,416.04,416.095,46170.0,41.94,41.95,41.795,41.81,40556.0
2021-06-18 14:45:00-04:00,350.07,350.15,349.06,349.06,5155.0,84.7,84.745,84.42,84.49,13631.0,416.105,416.33,415.73,415.74,42532.0,41.81,41.815,41.64,41.675,49047.0
2021-06-18 15:00:00-04:00,349.72,349.72,348.67,349.23,3435.0,84.47,84.68,84.435,84.535,17880.0,415.78,416.31,415.62,416.21,67239.0,41.66,41.85,41.65,41.85,41878.0
2021-06-18 15:15:00-04:00,349.175,349.93,349.0,349.1,6518.0,84.52,84.665,84.45,84.46,18750.0,416.15,416.91,416.085,416.58,53029.0,41.84,41.965,41.8,41.855,63174.0
2021-06-18 15:30:00-04:00,349.17,351.11,348.88,351.02,10195.0,84.47,84.85,84.425,84.835,29804.0,416.62,416.88,416.21,416.83,53323.0,41.855,41.945,41.78,41.89,107612.0
2021-06-18 15:45:00-04:00,350.99,350.99,348.26,348.45,25505.0,84.85,84.85,83.965,84.045,91707.0,416.81,416.92,414.73,414.96,156553.0,41.91,41.92,41.7,41.75,410494.0
2021-06-21 09:30:00-04:00,352.9,355.64,351.285,353.31,23833.0,84.51,85.33,84.32,85.01,57538.0,416.83,417.07,415.965,416.81,65534.0,42.28,42.71,42.23,42.39,37647.0
2021-06-21 09:45:00-04:00,353.12,355.355,353.12,354.23,9887.0,85.21,85.56,85.19,85.34,17528.0,416.7,418.0,416.31,417.81,59528.0,42.375,42.67,42.36,42.53,34839.0
2021-06-21 10:00:00-04:00,353.87,355.44,353.5,355.11,8798.0,85.31,85.8,85.31,85.715,11240.0,417.89,418.76,417.85,418.4,92882.0,42.535,42.68,42.505,42.65,17621.0
2021-06-21 10:15:00-04:00,355.905,357.54,355.905,357.21,4668.0,85.85,86.38,85.85,86.265,8934.0,418.62,419.19,418.38,419.11,61453.0,42.68,42.85,42.68,42.83,22579.0
2021-06-21 10:30:00-04:00,357.115,357.115,356.25,357.07,2655.0,86.26,86.33,86.04,86.22,10989.0,419.12,419.86,419.09,419.695,53339.0,42.84,42.89,42.705,42.835,27362.0
2021-06-21 10:45:00-04:00,356.845,357.35,356.73,356.84,1972.0,86.21,86.43,86.13,86.29,10913.0,419.78,420.25,419.72,420.04,55875.0,42.84,42.96,42.78,42.955,24543.0
2021-06-21 11:00:00-04:00,356.48,356.49,354.97,355.54,2150.0,86.34,86.38,85.67,85.71,9081.0,420.04,420.14,419.7,419.705,45380.0,42.97,42.99,42.6,42.775,26666.0
2021-06-21 11:15:00-04:00,355.19,355.58,354.69,354.91,1720.0,85.71,85.89,85.49,85.49,25631.0,419.715,420.15,419.715,419.85,31851.0,42.77,42.875,42.765,42.78,18278.0
2021-06-21 11:30:00-04:00,355.44,355.71,355.185,355.35,1108.0,85.49,85.7,85.49,85.54,11982.0,419.95,420.29,419.82,420.21,29157.0,42.79,42.93,42.775,42.85,14916.0
2021-06-21 11:45:00-04:00,355.82,356.09,355.52,355.52,1336.0,85.575,85.75,85.575,85.63,4996.0,420.255,420.36,420.1,420.2,29344.0,42.885,43.03,42.86,42.94,17676.0
2021-06-21 12:00:00-04:00,356.12,356.49,356.1,356.49,938.0,85.64,85.78,85.62,85.78,5585.0,420.24,420.31,420.02,420.11,20226.0,42.945,43.045,42.92,43.025,25371.0
2021-06-21 12:15:00-04:00,356.56,356.77,355.69,355.76,1871.0,85.83,85.88,85.6,85.6,3761.0,420.14,420.22,419.84,420.01,26199.0,43.01,43.04,42.955,42.97,22446.0
2021-06-21 12:30:00-04:00,355.625,355.66,354.97,354.97,1259.0,85.665,85.665,85.3,85.435,7296.0,420.1,420.11,419.91,419.99,30360.0,42.965,42.97,42.84,42.9,27401.0
2021-06-21 12:45:00-04:00,355.56,355.65,354.94,355.17,918.0,85.43,85.475,85.31,85.385,5683.0,420.0,420.17,419.87,419.87,14841.0,42.895,42.96,42.895,42.94,20267.0
2021-06-21 13:00:00-04:00,355.42,355.91,355.42,355.91,1684.0,85.415,85.54,85.365,85.54,12048.0,419.92,420.085,419.83,420.06,11969.0,42.95,42.98,42.905,42.905,30402.0
2021-06-21 13:15:00-04:00,356.155,356.65,356.155,356.49,1561.0,85.57,85.67,85.545,85.595,15381.0,419.985,420.2,419.985,420.12,12231.0,42.91,43.0,42.91,43.0,45524.0
2021-06-21 13:30:00-04:00,356.43,356.78,356.09,356.77,2338.0,85.59,85.91,85.585,85.91,4620.0,420.2,420.765,420.2,420.67,26002.0,43.0,43.13,42.99,43.13,24936.0
2021-06-21 13:45:00-04:00,356.84,357.15,356.84,357.04,1442.0,85.94,86.05,85.82,85.82,11534.0,420.66,420.98,420.65,420.755,30605.0,43.13,43.2,43.125,43.15,23753.0
2021-06-21 14:00:00-04:00,356.94,356.94,356.38,356.655,1395.0,85.815,85.855,85.63,85.715,9066.0,420.8,420.88,420.57,420.71,60337.0,43.16,43.23,43.12,43.155,22818.0
2021-06-21 14:15:00-04:00,356.34,356.54,356.34,356.54,425.0,85.72,85.735,85.605,85.645,12968.0,420.735,420.8,420.495,420.59,34850.0,43.155,43.19,43.1,43.125,16251.0
2021-06-21 14:30:00-04:00,356.25,356.44,355.86,356.44,1077.0,85.605,85.755,85.57,85.71,5990.0,420.54,420.63,420.38,420.56,38959.0,43.115,43.175,43.08,43.12,14688.0
2021-06-21 14:45:00-04:00,356.18,356.47,356.13,356.47,717.0,85.71,85.85,85.65,85.84,9883.0,420.48,420.75,420.37,420.67,25917.0,43.12,43.15,43.085,43.145,15352.0
2021-06-21 15:00:00-04:00,356.36,357.22,356.29,356.97,1868.0,85.82,85.9,85.755,85.755,10017.0,420.71,420.94,420.55,420.55,36941.0,43.14,43.22,43.095,43.105,32113.0
2021-06-21 15:15:00-04:00,356.97,356.97,356.325,356.7,4398.0,85.755,85.815,85.7,85.815,7430.0,420.555,420.765,420.32,420.61,23443.0,43.11,43.195,43.09,43.19,33870.0
2021-06-21 15:30:00-04:00,356.79,357.36,356.75,356.765,6940.0,85.81,85.98,85.675,85.68,13252.0,420.64,420.86,420.49,420.5,43654.0,43.195,43.295,43.12,43.13,45219.0
2021-06-21 15:45:00-04:00,356.8,357.97,356.64,357.63,11146.0,85.675,86.025,85.615,85.95,33754.0,420.525,421.05,420.345,420.76,164927.0,43.13,43.305,43.08,43.255,106360.0
2021-06-22 09:30:00-04:00,357.525,357.9,353.72,355.23,8307.0,85.64,85.77,85.03,85.66,9408.0,420.86,421.01,420.44,420.62,37922.0,43.265,43.265,42.9,43.21,38896.0
2021-06-22 09:45:00-04:00,354.93,356.25,353.46,353.94,5928.0,85.605,85.78,85.23,85.28,8068.0,420.65,421.07,420.17,420.41,21746.0,43.24,43.26,42.97,43.005,27098.0
2021-06-22 10:00:00-04:00,353.575,354.45,352.74,354.45,4525.0,85.3,85.44,85.055,85.41,7418.0,420.38,421.07,420.17,420.91,27476.0,42.99,43.07,42.86,43.07,38163.0
2021-06-22 10:15:00-04:00,354.58,355.13,354.47,354.915,1782.0,85.39,85.56,85.39,85.48,7834.0,420.98,421.35,420.935,421.31,17051.0,43.08,43.25,43.07,43.17,23333.0
2021-06-22 10:30:00-04:00,354.765,355.4,354.3,355.4,2345.0,85.48,85.595,85.27,85.565,9034.0,421.25,421.46,421.22,421.37,16648.0,43.17,43.3,43.11,43.24,21352.0
2021-06-22 10:45:00-04:00,355.525,356.43,355.47,356.43,2297.0,85.57,85.905,85.53,85.865,7316.0,421.32,421.88,421.32,421.87,44460.0,43.245,43.52,43.235,43.52,32330.0
2021-06-22 11:00:00-04:00,355.98,356.99,355.57,356.99,10217.0,85.8,85.82,85.695,85.79,5942.0,421.88,422.5,421.79,422.45,27894.0,43.525,43.6,43.465,43.53,29211.0
2021-06-22 11:15:00-04:00,356.935,357.175,356.12,356.5,2443.0,85.81,85.87,85.53,85.61,5970.0,422.51,422.62,422.33,422.46,44170.0,43.54,43.59,43.46,43.5,16088.0
2021-06-22 11:30:00-04:00,356.61,356.79,355.73,355.94,2722.0,85.61,85.76,85.465,85.465,6241.0,422.43,422.545,422.09,422.13,23514.0,43.5,43.555,43.41,43.44,24290.0
2021-06-22 11:45:00-04:00,355.93,356.15,355.8,356.08,1099.0,85.48,85.58,85.47,85.525,3497.0,422.195,422.3,421.98,422.02,19068.0,43.45,43.54,43.435,43.5,19010.0
2021-06-22 12:00:00-04:00,356.12,357.28,356.12,357.28,1783.0,85.64,85.8,85.63,85.745,4999.0,422.06,422.37,422.06,422.31,22293.0,43.535,43.62,43.46,43.48,11383.0
2021-06-22 12:15:00-04:00,356.96,356.97,356.57,356.97,1793.0,85.755,85.76,85.61,85.61,3598.0,422.3,422.48,422.2,422.46,38358.0,43.48,43.51,43.4,43.42,12608.0
2021-06-22 12:30:00-04:00,356.9,356.95,356.59,356.695,3880.0,85.63,85.705,85.59,85.61,5667.0,422.46,422.46,422.19,422.28,29379.0,43.42,43.48,43.4,43.46,10370.0
2021-06-22 12:45:00-04:00,356.69,357.015,356.69,356.7,873.0,85.685,85.79,85.57,85.6,12964.0,422.3,422.465,422.27,422.31,15069.0,43.46,43.61,43.435,43.49,32247.0
2021-06-22 13:00:00-04:00,356.76,356.88,356.44,356.865,2510.0,85.61,85.75,85.61,85.71,4929.0,422.29,422.53,422.24,422.44,12595.0,43.5,43.54,43.48,43.53,9594.0
2021-06-22 13:15:00-04:00,356.85,357.06,356.665,357.06,3192.0,85.7,85.83,85.63,85.83,4239.0,422.4,422.47,422.14,422.4,27893.0,43.54,43.55,43.46,43.55,14674.0
2021-06-22 13:30:00-04:00,357.11,357.35,357.06,357.27,3090.0,85.83,85.84,85.79,85.8,3944.0,422.43,422.46,422.35,422.41,26111.0,43.55,43.55,43.45,43.48,16534.0
2021-06-22 13:45:00-04:00,357.13,357.505,357.12,357.25,2800.0,85.81,85.88,85.775,85.815,4493.0,422.42,422.48,422.34,422.43,43068.0,43.49,43.57,43.49,43.53,14328.0
2021-06-22 14:00:00-04:00,357.2,357.58,357.13,357.34,4693.0,85.8,85.9,85.705,85.8,8633.0,422.43,422.45,422.23,422.4,31858.0,43.53,43.55,43.5,43.53,12393.0
2021-06-22 14:15:00-04:00,357.83,357.94,357.83,357.91,482.0,85.78,85.91,85.76,85.84,11977.0,422.395,422.62,422.33,422.5,23645.0,43.56,43.72,43.555,43.71,31538.0
2021-06-22 14:30:00-04:00,357.82,358.45,357.81,358.12,2240.0,85.92,86.075,85.92,86.015,10175.0,422.48,422.94,422.45,422.77,21394.0,43.69,43.81,43.69,43.73,30105.0
2021-06-22 14:45:00-04:00,358.185,358.75,358.16,358.75,999.0,86.015,86.1,86.0,86.05,6348.0,422.76,423.0,422.58,422.91,33653.0,43.73,43.77,43.69,43.715,22809.0
2021-06-22 15:00:00-04:00,358.55,359.42,358.55,359.29,1266.0,86.08,86.175,86.08,86.135,12927.0,422.96,423.615,422.96,423.54,50140.0,43.715,43.87,43.71,43.81,42224.0
2021-06-22 15:15:00-04:00,359.2,359.83,359.17,359.83,2386.0,86.13,86.21,86.1,86.105,7664.0,423.52,423.97,423.42,423.845,50410.0,43.805,43.85,43.75,43.75,24439.0
2021-06-22 15:30:00-04:00,359.5,359.78,358.38,358.38,4897.0,86.15,86.185,85.735,85.735,10041.0,423.86,423.95,423.37,423.37,63495.0,43.76,43.825,43.595,43.595,35061.0
2021-06-22 15:45:00-04:00,358.63,358.63,357.54,357.54,13550.0,85.785,85.91,85.68,85.685,27704.0,423.38,423.48,422.995,423.02,106002.0,43.6,43.64,43.525,43.54,98450.0
2021-06-23 09:30:00-04:00,359.67,359.7,357.9,359.46,3460.0,85.94,86.26,85.65,85.94,6655.0,423.19,423.78,423.1,423.56,25419.0,43.51,43.98,43.51,43.91,41289.0
2021-06-23 09:45:00-04:00,359.67,360.29,358.51,358.71,5042.0,86.035,86.2,85.825,85.84,8249.0,423.59,423.75,423.145,423.675,32448.0,43.92,44.0,43.71,43.75,30437.0
2021-06-23 10:00:00-04:00,358.77,359.79,357.81,359.29,3310.0,85.86,86.16,85.57,86.07,12825.0,423.63,423.81,423.31,423.81,27663.0,43.74,43.84,43.66,43.82,22745.0
2021-06-23 10:15:00-04:00,359.365,359.94,359.32,359.32,1717.0,86.095,86.12,86.03,86.06,7618.0,423.82,424.03,423.63,423.655,39029.0,43.82,43.88,43.745,43.75,24656.0
2021-06-23 10:30:00-04:00,359.32,359.52,358.93,359.065,2277.0,86.03,86.15,85.875,85.885,6364.0,423.64,423.705,423.32,423.38,17434.0,43.74,43.81,43.74,43.74,17966.0
2021-06-23 10:45:00-04:00,358.69,360.07,358.5,360.07,1935.0,85.845,86.09,85.775,86.035,13092.0,423.47,423.575,423.28,423.575,19734.0,43.74,43.91,43.68,43.91,13691.0
2021-06-23 11:00:00-04:00,360.26,360.635,359.79,360.26,3463.0,86.03,86.16,86.0,86.045,12088.0,423.655,423.705,422.95,423.18,84618.0,43.91,43.99,43.84,43.885,25305.0
2021-06-23 11:15:00-04:00,360.12,360.36,359.91,359.93,2444.0,86.045,86.1,85.925,85.965,9901.0,423.165,423.31,423.095,423.19,9193.0,43.88,43.985,43.88,43.93,13353.0
2021-06-23 11:30:00-04:00,359.25,359.26,359.0,359.16,1354.0,85.94,85.95,85.745,85.755,8255.0,423.24,423.29,422.95,423.21,13081.0,43.945,43.945,43.81,43.89,19142.0
2021-06-23 11:45:00-04:00,359.24,359.54,359.24,359.29,2212.0,85.735,85.8,85.68,85.765,3576.0,423.24,423.35,423.19,423.295,11571.0,43.895,43.94,43.88,43.905,11359.0
2021-06-23 12:00:00-04:00,359.5,359.875,359.34,359.87,814.0,85.725,85.935,85.72,85.92,8609.0,423.275,423.44,423.2,423.39,13633.0,43.895,43.995,43.895,43.975,8738.0
2021-06-23 12:15:00-04:00,359.7,360.36,359.62,360.185,2074.0,85.9,85.975,85.9,85.94,8211.0,423.34,423.44,423.31,423.4,8841.0,43.975,44.05,43.95,44.025,13773.0
2021-06-23 12:30:00-04:00,360.2,360.46,360.2,360.26,913.0,85.915,85.97,85.86,85.9,5316.0,423.37,423.38,422.69,423.095,50504.0,44.02,44.08,43.98,44.0,23315.0
2021-06-23 12:45:00-04:00,360.49,361.18,360.49,361.07,1819.0,85.89,86.0,85.835,86.0,5946.0,423.18,423.2,423.0,423.15,8929.0,44.0,44.025,43.97,44.025,14591.0
2021-06-23 13:00:00-04:00,361.26,362.12,361.23,361.83,1392.0,86.02,86.28,86.005,86.28,9669.0,423.16,423.465,423.08,423.4,20214.0,44.03,44.16,44.03,44.145,17580.0
2021-06-23 13:15:00-04:00,361.81,361.975,361.42,361.88,1377.0,86.27,86.27,86.16,86.205,3532.0,423.48,423.57,423.47,423.56,20391.0,44.15,44.165,44.1,44.14,17171.0
2021-06-23 13:30:00-04:00,361.85,362.16,361.69,362.015,2119.0,86.205,86.22,86.08,86.22,12036.0,423.52,423.6,423.39,423.45,26380.0,44.13,44.205,44.11,44.175,16599.0
2021-06-23 13:45:00-04:00,361.99,362.26,361.98,362.21,1113.0,86.19,86.26,86.185,86.235,7523.0,423.46,423.575,423.39,423.575,16946.0,44.18,44.215,44.16,44.21,9317.0
2021-06-23 14:00:00-04:00,362.08,362.385,361.72,362.385,870.0,86.2,86.295,86.17,86.27,13243.0,423.53,423.555,423.33,423.45,14646.0,44.2,44.28,44.13,44.28,14292.0
2021-06-23 14:15:00-04:00,362.45,362.45,362.21,362.325,1232.0,86.27,86.275,86.195,86.21,9414.0,423.4,423.4,423.23,423.25,18683.0,44.3,44.3,44.25,44.265,20122.0
2021-06-23 14:30:00-04:00,362.05,362.25,362.05,362.25,2500.0,86.185,86.19,86.09,86.1,6817.0,423.245,423.43,423.19,423.285,14808.0,44.26,44.26,44.2,44.2,11124.0
2021-06-23 14:45:00-04:00,361.97,361.975,361.84,361.975,859.0,86.095,86.14,86.025,86.105,4506.0,423.285,423.42,423.25,423.36,8058.0,44.2,44.22,44.145,44.2,12607.0
2021-06-23 15:00:00-04:00,361.78,361.96,361.78,361.82,546.0,86.1,86.12,86.08,86.11,3991.0,423.39,423.46,423.21,423.43,18652.0,44.2,44.21,44.16,44.205,11743.0
2021-06-23 15:15:00-04:00,361.57,362.335,361.46,362.31,2539.0,86.13,86.255,86.07,86.185,8203.0,423.41,423.8,423.305,423.75,20654.0,44.21,44.26,44.17,44.24,14538.0
2021-06-23 15:30:00-04:00,362.23,362.27,361.59,361.82,3219.0,86.17,86.215,86.085,86.13,9186.0,423.67,423.72,423.28,423.3,48440.0,44.22,44.22,44.14,44.14,20786.0
2021-06-23 15:45:00-04:00,361.78,361.78,360.925,361.24,8962.0,86.125,86.13,85.86,85.86,33844.0,423.28,423.28,422.55,422.64,145379.0,44.145,44.15,43.905,43.95,130542.0
2021-06-24 09:30:00-04:00,362.87,365.25,362.87,364.07,10494.0,86.46,86.46,85.96,86.11,16611.0,424.89,425.28,424.74,424.91,38769.0,44.21,44.7,44.21,44.425,58572.0
2021-06-24 09:45:00-04:00,364.16,364.87,363.26,363.39,9029.0,86.19,86.31,86.02,86.03,10215.0,425.06,425.23,424.78,424.92,32466.0,44.415,44.53,44.34,44.35,37504.0
2021-06-24 10:00:00-04:00,363.49,364.26,363.1,364.155,6134.0,86.02,86.29,85.84,86.26,10974.0,424.96,425.23,424.73,424.94,33742.0,44.4,44.61,44.29,44.605,34394.0
2021-06-24 10:15:00-04:00,364.145,366.27,364.09,366.015,6851.0,86.28,86.75,86.28,86.68,15021.0,424.96,425.47,424.96,425.45,22812.0,44.62,44.8,44.61,44.76,33708.0
2021-06-24 10:30:00-04:00,366.01,366.31,365.61,365.64,2756.0,86.67,86.87,86.6,86.735,26054.0,425.49,425.5,425.385,425.49,22094.0,44.765,44.78,44.715,44.76,17756.0
2021-06-24 10:45:00-04:00,365.57,365.78,364.8,365.78,3192.0,86.715,86.73,86.52,86.73,16389.0,425.47,425.47,425.0,425.0,24000.0,44.76,44.88,44.75,44.88,31458.0
2021-06-24 11:00:00-04:00,365.955,366.64,365.95,366.215,1870.0,86.73,86.865,86.73,86.84,12165.0,425.01,425.18,425.01,425.05,14180.0,44.895,45.02,44.87,45.02,23156.0
2021-06-24 11:15:00-04:00,366.155,366.31,365.52,366.31,4004.0,86.8,86.845,86.66,86.81,12082.0,425.04,425.04,424.8,424.95,16139.0,45.035,45.09,44.99,45.02,28735.0
2021-06-24 11:30:00-04:00,366.38,366.835,366.37,366.68,3591.0,86.84,86.96,86.815,86.86,10575.0,424.96,425.07,424.63,424.84,30613.0,45.03,45.08,44.98,45.055,16680.0
2021-06-24 11:45:00-04:00,366.62,366.92,366.34,366.37,2841.0,86.865,86.87,86.7,86.7,12179.0,424.85,425.02,424.76,424.77,19042.0,45.06,45.08,44.98,44.99,12233.0
2021-06-24 12:00:00-04:00,366.33,366.5,365.87,365.87,3927.0,86.715,86.805,86.64,86.645,7533.0,424.775,425.04,424.765,424.975,12317.0,45.0,45.03,44.88,44.885,24272.0
2021-06-24 12:15:00-04:00,365.895,366.41,365.895,366.03,4972.0,86.64,86.925,86.61,86.865,12696.0,424.93,425.15,424.93,424.96,17950.0,44.89,45.03,44.88,45.0,9223.0
2021-06-24 12:30:00-04:00,366.25,367.08,366.25,366.725,7026.0,86.85,86.97,86.76,86.92,22349.0,424.98,425.33,424.9,425.215,16257.0,45.0,45.145,45.0,45.08,12796.0
2021-06-24 12:45:00-04:00,366.91,368.39,366.91,368.37,7865.0,86.92,87.145,86.915,87.125,12324.0,425.22,425.31,425.075,425.21,20104.0,45.08,45.3,45.08,45.24,29237.0
2021-06-24 13:00:00-04:00,368.32,368.72,367.77,368.69,6030.0,87.07,87.26,87.04,87.24,8143.0,425.24,425.51,425.21,425.51,29074.0,45.25,45.36,45.185,45.35,13998.0
2021-06-24 13:15:00-04:00,368.77,368.8,367.65,367.925,6868.0,87.25,87.25,87.09,87.105,8013.0,425.49,425.52,424.95,425.05,20492.0,45.335,45.365,45.19,45.21,15703.0
2021-06-24 13:30:00-04:00,368.085,369.155,368.085,369.155,7294.0,87.11,87.28,87.095,87.265,8780.0,425.03,425.12,424.955,425.04,34678.0,45.225,45.3,45.22,45.255,14501.0
2021-06-24 13:45:00-04:00,369.32,369.37,368.75,368.79,4491.0,87.28,87.28,87.16,87.2,5583.0,424.99,425.15,424.79,425.14,13535.0,45.26,45.29,45.18,45.23,20840.0
2021-06-24 14:00:00-04:00,368.87,369.29,368.84,369.19,3450.0,87.19,87.34,87.17,87.27,4852.0,425.17,425.3,425.13,425.24,13344.0,45.24,45.3,45.215,45.24,18378.0
2021-06-24 14:15:00-04:00,369.05,369.13,368.86,369.04,4028.0,87.285,87.295,87.13,87.17,10731.0,425.23,425.45,425.15,425.42,25869.0,45.25,45.3,45.25,45.29,16094.0
2021-06-24 14:30:00-04:00,369.16,369.45,369.01,369.45,2301.0,87.2,87.24,87.105,87.105,12496.0,425.43,425.55,425.35,425.5,35608.0,45.3,45.335,45.265,45.28,19759.0
2021-06-24 14:45:00-04:00,369.63,369.93,369.445,369.875,4122.0,87.12,87.19,87.09,87.125,17157.0,425.465,425.55,425.29,425.4,31687.0,45.285,45.32,45.22,45.27,21516.0
2021-06-24 15:00:00-04:00,369.99,370.28,369.45,370.22,8182.0,87.125,87.28,87.095,87.27,12465.0,425.38,425.42,425.19,425.4,30257.0,45.275,45.405,45.27,45.405,26025.0
2021-06-24 15:15:00-04:00,370.295,370.715,370.12,370.6,7606.0,87.275,87.295,87.22,87.275,8883.0,425.4,425.41,424.97,425.02,45528.0,45.405,45.42,45.34,45.36,39700.0
2021-06-24 15:30:00-04:00,370.57,370.84,369.41,369.635,14845.0,87.275,87.375,87.015,87.03,19330.0,425.02,425.15,424.87,425.145,77446.0,45.36,45.42,45.13,45.14,103037.0
2021-06-24 15:45:00-04:00,369.52,370.17,368.18,368.66,17740.0,87.03,87.245,86.85,87.065,47448.0,425.15,425.345,424.94,425.05,103568.0,45.135,45.295,45.07,45.16,197436.0
2021-06-25 09:30:00-04:00,369.84,370.31,365.0,365.96,29043.0,87.38,87.51,86.73,87.35,22685.0,425.9,426.1,425.59,425.83,42642.0,45.51,45.915,45.235,45.915,226486.0
2021-06-25 09:45:00-04:00,365.84,369.12,365.84,368.97,22017.0,87.34,88.12,87.325,88.06,10749.0,425.82,426.03,425.615,425.835,56782.0,45.91,46.265,45.89,46.265,229245.0
2021-06-25 10:00:00-04:00,368.96,370.85,368.49,370.23,16727.0,87.975,88.56,87.94,88.55,9987.0,425.84,426.21,425.625,426.14,33539.0,46.265,46.635,46.19,46.615,149614.0
2021-06-25 10:15:00-04:00,370.04,370.28,366.985,367.535,18414.0,88.455,88.47,88.02,88.165,10216.0,426.19,426.475,426.14,426.36,36173.0,46.61,46.65,46.185,46.22,181296.0
2021-06-25 10:30:00-04:00,367.535,368.465,367.06,367.495,13850.0,88.065,88.225,87.995,88.0,3964.0,426.36,426.445,426.085,426.085,45474.0,46.215,46.285,46.09,46.125,88200.0
2021-06-25 10:45:00-04:00,367.56,367.96,367.39,367.65,8174.0,88.01,88.01,87.865,87.875,4127.0,426.05,426.125,425.87,425.955,20692.0,46.125,46.225,46.115,46.125,67426.0
2021-06-25 11:00:00-04:00,367.67,368.67,367.67,368.51,2397.0,87.84,88.115,87.84,88.085,4231.0,425.915,426.19,425.86,426.17,24646.0,46.125,46.34,46.125,46.205,59360.0
2021-06-25 11:15:00-04:00,368.695,369.55,368.695,369.52,4065.0,88.035,88.21,88.035,88.185,5407.0,426.145,426.305,426.09,426.305,25365.0,46.205,46.39,46.205,46.35,64739.0
2021-06-25 11:30:00-04:00,369.38,369.4,368.82,368.95,2389.0,88.18,88.18,88.025,88.175,3909.0,426.32,426.36,426.2,426.22,24270.0,46.36,46.385,46.31,46.35,51402.0
2021-06-25 11:45:00-04:00,369.05,369.75,368.9,369.65,3733.0,88.175,88.42,88.16,88.415,4542.0,426.23,426.33,426.165,426.315,20969.0,46.355,46.525,46.335,46.515,54071.0
2021-06-25 12:00:00-04:00,369.89,371.03,369.89,370.59,6076.0,88.37,88.455,88.34,88.435,5017.0,426.295,426.35,426.23,426.32,18768.0,46.515,46.56,46.49,46.535,58450.0
2021-06-25 12:15:00-04:00,370.48,370.785,370.08,370.1,4352.0,88.425,88.51,88.375,88.395,11945.0,426.32,426.375,426.085,426.095,27096.0,46.535,46.55,46.44,46.455,45589.0
2021-06-25 12:30:00-04:00,370.14,370.335,369.83,370.085,4354.0,88.395,88.405,88.345,88.385,6437.0,426.12,426.325,426.105,426.315,16216.0,46.455,46.515,46.44,46.51,36128.0
2021-06-25 12:45:00-04:00,370.24,370.43,370.04,370.06,1343.0,88.375,88.375,88.255,88.255,5770.0,426.315,426.34,426.19,426.275,54115.0,46.51,46.605,46.51,46.55,24257.0
2021-06-25 13:00:00-04:00,370.11,370.11,368.92,369.0,1144.0,88.275,88.275,88.07,88.085,5886.0,426.295,426.31,426.05,426.06,59822.0,46.55,46.585,46.525,46.545,25250.0
2021-06-25 13:15:00-04:00,369.15,369.15,368.62,368.62,1119.0,88.08,88.1,87.885,87.9,5308.0,426.055,426.235,426.055,426.175,41125.0,46.54,46.56,46.43,46.435,25546.0
2021-06-25 13:30:00-04:00,368.72,369.09,368.67,368.99,842.0,87.93,88.2,87.91,88.2,6293.0,426.155,426.155,425.955,426.125,42652.0,46.43,46.445,46.39,46.44,27559.0
2021-06-25 13:45:00-04:00,369.09,369.23,369.06,369.155,908.0,88.19,88.335,88.19,88.27,7806.0,426.125,426.32,426.11,426.25,55013.0,46.435,46.5,46.415,46.415,22390.0
2021-06-25 14:00:00-04:00,368.92,369.195,368.505,368.8,1153.0,88.225,88.365,88.225,88.3,6609.0,426.25,426.35,426.155,426.33,80194.0,46.415,46.47,46.39,46.445,24122.0
2021-06-25 14:15:00-04:00,368.72,369.18,368.72,369.18,512.0,88.265,88.405,88.265,88.4,7888.0,426.335,426.43,426.27,426.38,20741.0,46.45,46.485,46.4,46.48,25025.0
2021-06-25 14:30:00-04:00,369.41,369.59,369.35,369.59,898.0,88.375,88.415,88.35,88.415,12226.0,426.365,426.58,426.31,426.495,43283.0,46.47,46.49,46.44,46.45,38833.0
2021-06-25 14:45:00-04:00,369.67,369.67,369.34,369.56,2191.0,88.42,88.545,88.39,88.425,15972.0,426.51,426.61,426.395,426.54,14936.0,46.45,46.48,46.39,46.43,35408.0
2021-06-25 15:00:00-04:00,369.84,370.15,369.67,370.1,1545.0,88.43,88.525,88.365,88.525,16101.0,426.555,426.82,426.54,426.81,24934.0,46.43,46.57,46.42,46.56,34955.0
2021-06-25 15:15:00-04:00,370.12,370.175,369.58,369.58,2536.0,88.535,88.58,88.355,88.38,16296.0,426.81,426.94,426.58,426.605,30749.0,46.56,46.58,46.415,46.42,48863.0
2021-06-25 15:30:00-04:00,369.39,369.93,369.28,369.47,7320.0,88.365,88.605,88.355,88.545,21561.0,426.595,426.75,426.44,426.485,112514.0,46.42,46.455,46.35,46.375,79986.0
2021-06-25 15:45:00-04:00,369.39,369.59,368.65,368.8,17050.0,88.545,88.575,88.29,88.4,49392.0,426.47,427.08,426.42,426.61,165189.0,46.37,46.43,46.17,46.37,168946.0
2021-06-28 09:30:00-04:00,367.37,368.2,364.63,364.63,5611.0,88.03,88.2,86.73,86.79,13764.0,427.17,427.21,426.14,426.38,24962.0,46.0,46.005,45.32,45.39,69405.0
2021-06-28 09:45:00-04:00,364.0,367.15,363.99,367.15,5117.0,86.74,87.0,86.57,86.93,17281.0,426.48,426.7,426.025,426.665,27346.0,45.37,45.5,45.26,45.49,38219.0
2021-06-28 10:00:00-04:00,366.965,366.965,365.65,365.65,3468.0,86.92,86.92,86.43,86.49,11588.0,426.69,426.73,426.37,426.53,14911.0,45.485,45.49,45.22,45.32,43010.0
2021-06-28 10:15:00-04:00,366.45,367.595,366.45,367.13,12109.0,86.52,87.165,86.52,87.1,9522.0,426.54,426.71,426.43,426.66,9970.0,45.32,45.44,45.28,45.36,31126.0
2021-06-28 10:30:00-04:00,367.01,367.42,365.86,365.86,1105.0,87.13,87.13,86.73,86.875,7393.0,426.64,426.71,426.45,426.47,7471.0,45.355,45.365,45.095,45.195,36390.0
2021-06-28 10:45:00-04:00,366.04,367.35,366.04,367.29,2490.0,86.83,87.2,86.78,87.12,8140.0,426.45,426.87,426.43,426.5,20143.0,45.19,45.465,45.15,45.44,23225.0
2021-06-28 11:00:00-04:00,366.67,367.42,366.56,366.78,2330.0,87.12,87.335,87.06,87.12,4750.0,426.5,426.78,426.36,426.515,32399.0,45.41,45.61,45.41,45.52,22614.0
2021-06-28 11:15:00-04:00,366.94,366.94,365.54,365.54,3783.0,87.15,87.18,86.96,86.99,6493.0,426.48,426.51,426.21,426.28,16730.0,45.505,45.525,45.295,45.33,21575.0
2021-06-28 11:30:00-04:00,365.49,365.85,365.35,365.66,3863.0,86.96,87.03,86.89,86.95,4376.0,426.26,426.39,426.16,426.39,6678.0,45.3,45.365,45.28,45.31,24974.0
2021-06-28 11:45:00-04:00,365.58,366.13,365.53,366.04,1697.0,86.92,87.04,86.89,87.0,2905.0,426.43,426.57,426.375,426.51,23181.0,45.315,45.35,45.235,45.33,22815.0
2021-06-28 12:00:00-04:00,366.32,366.4,365.65,365.99,2279.0,87.04,87.08,86.95,86.97,2949.0,426.54,426.62,426.51,426.555,17643.0,45.37,45.425,45.285,45.31,16425.0
2021-06-28 12:15:00-04:00,366.32,366.83,365.67,365.76,3353.0,87.02,87.1,86.88,86.93,5917.0,426.48,426.54,426.32,426.33,8676.0,45.315,45.425,45.3,45.42,57005.0
2021-06-28 12:30:00-04:00,365.77,366.45,365.77,366.39,1123.0,86.905,87.03,86.87,87.025,6379.0,426.32,426.42,426.23,426.29,10488.0,45.415,45.6,45.385,45.6,24626.0
2021-06-28 12:45:00-04:00,366.57,366.98,366.57,366.87,1273.0,87.06,87.19,87.01,87.08,3318.0,426.25,426.36,426.17,426.18,8030.0,45.595,45.64,45.57,45.61,11711.0
2021-06-28 13:00:00-04:00,366.45,366.62,365.85,365.85,1420.0,87.08,87.15,86.93,86.99,8007.0,426.15,426.21,425.91,425.945,18199.0,45.6,45.62,45.475,45.49,17653.0
2021-06-28 13:15:00-04:00,365.81,365.86,365.685,365.685,1086.0,86.97,87.09,86.94,87.03,5571.0,425.9,426.14,425.89,425.92,44244.0,45.48,45.52,45.43,45.45,14409.0
2021-06-28 13:30:00-04:00,365.67,366.565,365.67,366.565,2355.0,87.03,87.24,87.01,87.24,4182.0,425.92,426.26,425.9,426.26,25082.0,45.455,45.57,45.43,45.57,12700.0
2021-06-28 13:45:00-04:00,366.53,366.91,366.53,366.91,501.0,87.215,87.38,87.215,87.35,3902.0,426.255,426.51,426.25,426.495,20802.0,45.54,45.71,45.535,45.71,18783.0
2021-06-28 14:00:00-04:00,367.58,367.765,367.45,367.45,1447.0,87.39,87.47,87.355,87.435,3012.0,426.55,426.705,426.48,426.625,18650.0,45.7,45.765,45.695,45.7,13219.0
2021-06-28 14:15:00-04:00,367.585,368.4,367.41,368.4,4055.0,87.47,87.65,87.46,87.64,5400.0,426.64,426.75,426.64,426.715,25688.0,45.72,45.825,45.69,45.8,16033.0
2021-06-28 14:30:00-04:00,368.345,368.555,368.07,368.23,3149.0,87.665,87.69,87.54,87.6,5996.0,426.745,426.89,426.68,426.765,32915.0,45.805,45.845,45.73,45.78,23193.0
2021-06-28 14:45:00-04:00,367.825,367.905,367.31,367.47,2325.0,87.59,87.635,87.475,87.475,5652.0,426.79,426.98,426.74,426.92,37170.0,45.78,45.795,45.665,45.665,22512.0
2021-06-28 15:00:00-04:00,367.47,367.79,366.99,367.68,1666.0,87.495,87.54,87.365,87.52,6807.0,426.96,427.12,426.76,426.98,69811.0,45.675,45.76,45.64,45.76,30495.0
2021-06-28 15:15:00-04:00,367.61,367.98,367.61,367.68,2324.0,87.49,87.545,87.475,87.475,6696.0,427.0,427.28,426.92,427.19,76010.0,45.765,45.765,45.66,45.66,32088.0
2021-06-28 15:30:00-04:00,367.83,368.0,367.47,368.0,2488.0,87.46,87.53,87.425,87.525,13171.0,427.245,427.38,427.18,427.29,50082.0,45.66,45.7,45.635,45.66,46502.0
2021-06-28 15:45:00-04:00,368.15,368.8,367.86,368.8,13078.0,87.535,87.735,87.465,87.705,25474.0,427.3,427.64,427.1,427.47,107205.0,45.665,45.805,45.64,45.805,82013.0
2021-06-29 09:30:00-04:00,374.79,377.19,371.67,372.3,15507.0,91.02,91.55,89.8,89.97,89206.0,427.94,428.39,427.93,428.11,31380.0,46.04,46.335,45.32,45.415,77830.0
2021-06-29 09:45:00-04:00,372.52,373.185,371.57,372.72,7656.0,89.96,90.44,89.955,90.43,49984.0,428.15,428.39,428.045,428.18,16313.0,45.42,45.47,45.28,45.43,31454.0
2021-06-29 10:00:00-04:00,372.93,375.07,372.37,374.96,8978.0,90.46,90.96,90.35,90.835,33714.0,428.25,428.28,428.0,428.11,22941.0,45.445,45.53,45.35,45.48,36664.0
2021-06-29 10:15:00-04:00,375.18,377.39,375.18,376.94,10417.0,90.835,91.365,90.825,91.345,29186.0,428.215,428.28,427.94,428.18,26448.0,45.49,45.69,45.49,45.69,24024.0
2021-06-29 10:30:00-04:00,377.27,378.05,375.93,376.43,9310.0,91.325,91.57,90.935,91.055,22095.0,428.19,428.56,428.19,428.27,20509.0,45.71,45.785,45.45,45.45,18283.0
2021-06-29 10:45:00-04:00,376.56,377.51,376.02,377.055,4552.0,91.075,91.51,91.025,91.405,11104.0,428.28,428.43,428.09,428.165,17389.0,45.45,45.53,45.4,45.48,23512.0
2021-06-29 11:00:00-04:00,376.73,376.91,375.73,375.9,4919.0,91.28,91.33,91.02,91.02,14442.0,428.16,428.22,428.005,428.07,21813.0,45.48,45.595,45.48,45.54,18544.0
2021-06-29 11:15:00-04:00,376.0,376.4,375.96,376.13,2518.0,91.055,91.245,91.055,91.12,6532.0,428.09,428.24,428.05,428.2,16569.0,45.56,45.615,45.53,45.53,19498.0
2021-06-29 11:30:00-04:00,376.17,376.24,375.35,375.35,1730.0,91.09,91.22,91.03,91.175,11103.0,428.2,428.2,427.95,427.96,9895.0,45.54,45.54,45.385,45.435,22631.0
2021-06-29 11:45:00-04:00,375.38,375.72,375.38,375.71,954.0,91.195,91.365,91.115,91.365,7454.0,428.05,428.085,427.85,428.0,23556.0,45.42,45.53,45.42,45.49,18042.0
2021-06-29 12:00:00-04:00,375.95,375.995,375.27,375.27,2564.0,91.395,91.44,91.21,91.235,7890.0,427.995,427.995,427.9,427.98,15212.0,45.48,45.51,45.35,45.37,27728.0
2021-06-29 12:15:00-04:00,374.92,374.98,373.72,373.72,2519.0,91.185,91.21,90.875,90.875,13914.0,427.975,428.085,427.95,428.05,9473.0,45.38,45.38,45.075,45.075,29628.0
2021-06-29 12:30:00-04:00,373.12,373.85,373.12,373.85,1686.0,90.86,90.875,90.675,90.78,5694.0,428.01,428.02,427.82,427.82,13490.0,45.08,45.13,45.03,45.085,18807.0
2021-06-29 12:45:00-04:00,373.84,373.84,373.3,373.3,776.0,90.785,90.82,90.725,90.815,12053.0,427.83,428.02,427.79,428.005,10666.0,45.065,45.18,45.045,45.065,16729.0
2021-06-29 13:00:00-04:00,373.49,373.66,373.17,373.43,1176.0,90.85,90.99,90.81,90.84,7460.0,428.02,428.07,427.95,427.96,11153.0,45.07,45.08,45.01,45.04,12734.0
2021-06-29 13:15:00-04:00,373.27,373.37,372.85,373.26,2696.0,90.83,90.9,90.745,90.89,4080.0,427.945,427.98,427.74,427.77,21909.0,45.035,45.065,44.99,45.06,16102.0
2021-06-29 13:30:00-04:00,373.37,373.39,372.83,373.39,1334.0,90.9,90.97,90.765,90.97,8302.0,427.74,427.83,427.69,427.74,11880.0,45.06,45.11,45.015,45.08,14854.0
2021-06-29 13:45:00-04:00,373.16,373.16,372.69,372.96,1602.0,90.95,90.96,90.76,90.865,3871.0,427.81,427.9,427.64,427.89,14074.0,45.06,45.07,45.005,45.03,14881.0
2021-06-29 14:00:00-04:00,372.86,372.86,372.37,372.76,1223.0,90.785,90.785,90.54,90.625,8912.0,427.855,428.05,427.675,427.98,19387.0,45.025,45.025,44.915,44.92,14497.0
2021-06-29 14:15:00-04:00,372.67,373.24,372.32,372.32,3643.0,90.615,90.66,90.56,90.58,10283.0,427.955,427.975,427.62,427.66,19237.0,44.91,44.92,44.73,44.73,28752.0
2021-06-29 14:30:00-04:00,372.11,372.11,371.22,371.41,1991.0,90.57,90.595,90.39,90.44,9698.0,427.63,427.7,427.165,427.28,47526.0,44.725,44.76,44.65,44.675,46979.0
2021-06-29 14:45:00-04:00,371.16,371.61,370.94,371.53,1661.0,90.43,90.5,90.385,90.49,4266.0,427.27,427.55,427.16,427.52,39288.0,44.69,44.71,44.615,44.63,43061.0
2021-06-29 15:00:00-04:00,371.525,373.185,371.525,373.175,1393.0,90.46,90.755,90.445,90.74,5240.0,427.55,427.61,427.32,427.61,58363.0,44.62,44.83,44.605,44.82,55501.0
2021-06-29 15:15:00-04:00,372.92,373.28,372.81,372.97,4079.0,90.725,90.77,90.69,90.73,3739.0,427.56,427.75,427.52,427.71,43383.0,44.81,44.905,44.73,44.905,29905.0
2021-06-29 15:30:00-04:00,372.83,372.85,372.42,372.58,3678.0,90.66,90.66,90.39,90.435,18152.0,427.7,427.7,427.51,427.57,70745.0,44.89,44.91,44.855,44.885,29078.0
2021-06-29 15:45:00-04:00,372.85,372.97,372.46,372.595,6301.0,90.435,90.68,90.435,90.62,37312.0,427.59,427.81,427.505,427.69,85257.0,44.905,44.915,44.73,44.77,132767.0
